de,key,new_key,
/,Resource_2,Literal_Slash,
/,Resource_3,Literal_Slash,
/,Resource_8,Literal_Slash,
1,HL7_ORU_R01_LabResult_Abs_Pos,Literal_One,
1,LaborPrefs_35,Literal_One,
1. Mahnung,RechnungsListeView_reminder1,Core_Invoice_Reminder_1,
1. Mahnung,RnPrintView_firstM,Core_Invoice_Reminder_1,
"115200,8,n,1",AbacusJuniorAction_DefaultParams,Baud_115k_8n1,
"115200,8,n,1",AfinionAS100Action_DefaultParams,Baud_115k_8n1,
3D-Diagramm,CHART_WIZARD_BAR_CHART_TEXT_3D,Chart_Bar_Char_Text_3D,
3D-Diagramm,CHART_WIZARD_PIE_CHART_TEXT_3D,Chart_Bar_Char_Text_3D,
600,CobasMiraAction_DefaultTimeout,Timeout_600,
600,ReflotronSprintAction_DefaultTimeout,Timeout_600,
600,SysmexAction_DefaultTimeout,Timeout_600,
"9600,8,n,1",ReflotronSprintAction_DefaultParams,Baud_9600_8n1,
"9600,8,n,1",SysmexAction_DefaultParams,Baud_9600_8n1,
: ,MultiplikatorEditor_14,Literal_Colon,
: ,MultiplikatorEditor_5,Literal_Colon,
<li>Das Text-Plugin wurde nicht richtig konfiguriert</li>,TextContainer_NoPlugin4,Text_Plugin_Not_Configured,
<li>Das Text-Plugin wurde nicht richtig konfiguriert</li>,TextTemplateVeiw_NoTxtPluginReason2,Text_Plugin_Not_Configured,
<li>Ein externes Textprogramm wurde gelöscht</li></form>,TextContainer_NoPLugin5,Text_External_Cmd_deleted,
<li>Ein externes Textprogramm wurde gelöscht</li></form>,TextTemplateVeiw_NoTxtPluginReason3,Text_External_Cmd_deleted,
<li>Es ist kein Text-Plugin geladen</li>,TextContainer_Noplugin3,Text_No_Plugin_loaded,
<li>Es ist kein Text-Plugin geladen</li>,TextTemplateVeiw_NoTxtPluginReason1,Text_No_Plugin_loaded,
=,InMemorySettings_1,Literal_Equal,
=,LaborPrefs_34,Literal_Equal,
Abrechnungssystem,Leistungscodes_billingSystemCaption,Invoice_System,
Abrechnungssystem,RnControlFieldProvider_PaymentSystem,Invoice_System,
Abrechnungssystem kann nicht geändert werden,FallDetailBlatt2_CantChangeBillingSystemCaption,Invoice_System_cannot_be_changed,
Abrechnungssystem kann nicht geändert werden,FallDetailBlatt2_ChangeBillingSystemNotAllowedCaption,Invoice_System_cannot_be_changed,
Absolut,EditLabItem_labelTypAbsolute,Core_Absolute,
Absolut,LaborPrefs_43,Core_Absolute,
Absolut,LaborPrefs_absolute,Core_Absolute,
Abteilung,KontaktExtInfo_Abteilung,Core_Departement,
Abteilung,KontaktExtInfo_Abteilung_tooltip,Core_Departement,
Abteilung,RechnungsPrefs_department,Core_Departement,
Abwärts,Button_MoveDown,Core_Down,
Abwärts,MovePrescriptionPositionInTableDownAction_Label,Core_Down,
Admin,Mandanten_0,Core_Admin,
Admin,StringConstants_admin,Core_Admin,
Administration,ACLContributor_acl_administer,Core_Administration,
Administration,AccessControlDefaults_Administration,Core_Administration,
Adressetikette drucken,GlobalActions_PrintAddressLabel,Print_AddressLabel,
Adressetikette drucken,GlobalActions_PrintContactLabel,Print_AddressLabel,
Afinion AS100,AfinionAS100Action_ButtonName,AfinionAS100_Name,
Afinion AS100,AfinionAS100Action_DeviceName,AfinionAS100_Name,
Agenda exportieren,BaseAgendaView_exportAgenda,Agenda_Export,
Agenda exportieren,BaseView_exportAgenda,Agenda_Export,
Agenda exportieren,ICalTransfer_exportAgenda,Agenda_Export,
Aktiv,Active,Core_IsActive,
Aktiv,ContactLinkRecordEditDialog_labelImportIsActive,Core_IsActive,
Aktualisieren,GenericImporterBlatt_update,Core_Update,
Aktualisieren,LaborView_Refresh,Core_Update,
Aktualisieren,ch.elexis.global_inbox:command.refresh.label,Core_Update,
Aktuell Pckg. an Lager,Artikeldetail_istbestand,Stock_Actual_Pkg_Count,
Aktuell Pckg. an Lager,EigenartikelDisplay_actualOnStockPacks,Stock_Actual_Pkg_Count,
Aktuell an Lager,Artikeldetail_istbestandAnbruch,Stock_Actual_Count,
Aktuell an Lager,EigenartikelDisplay_actualOnStockPieces,Stock_Actual_Count,
Alle,AccessControl_GroupAll,Core_All,
Alle,BlockDetailDisplay_all,Core_All,
Alle,BriefAuswahlAllLetters2,Core_All,
Alle,CodeSelectorFactory_all,Core_All,
Alle,DataAccessor_all,Core_All,
Alle,EditReminderDialog_all,Core_All,
Alle,PatHeuteView_all,Core_All,
Alle,ReminderView_foreignAction,Core_All,
Alle,RnControlFieldProvider_all,Core_All,
Alle,StringConstants_all,Core_All,
Alle,TextContainer_All,Core_All,
Alle Dateien (*.*),Eigendiagnosen_allFilesDescription,Core_All_Files_Filter,
Alle Dateien (*.*),TemplatePreferences_XslFileChooser_AllFilesFilter,Core_All_Files_Filter,
Alle expandieren,KonsZumVerrechnenView_expandAll,Core_Expand_All,
Alle expandieren,RnActions_expandAllAction,Core_Expand_All,
Alle löschen,ContactLinkPreferences_deleteAll,Core_Delete_All,
Alle löschen,ContactLinkPreferences_deleteAllTitle,Core_Delete_All,
Allergien,KontaktBlatt_Allergies,Allergies,
Allergien,Patientenblatt2_allergiesLbl,Allergies,
Analysiere Rechnungen,ListeNachFaelligkeit_AnalyzingBills,AnalyzingBills,
Analysiere Rechnungen,OffenePostenListe_AnalyzingBills,AnalyzingBills,
Andere,BillingLaw.OTHER,Core_Other,
Andere,OTHER,Core_Other,
Anderes,Fall_Other,Core_Another,
Anderes,TICode_AccidentOther,Core_Another,
Anderes,TICode_psycheOther,Core_Another,
Anderes,TICode_reproductionOther,Core_Another,
Anmelden,AccessControlDefaults_logIn,Core_Login,
Anmelden,LoginDialog_login,Core_Login,
Anrede,ErsterMandantDialog_Anrede,Core_Salution,
Anrede,KontaktExtInfo_Anrede,Core_Salution,
Anschrift,KontaktBlatt_Postal,Core_Postal_Address,
Anschrift,Patientenblatt2_postal,Core_Postal_Address,
Ansicht,ApplicationActionBarAdvisor_9,Core_View,
Ansprechperson,KontaktBlatt_ContactPerson,ContactPerson,
Ansprechperson,KontaktErfassenDialog_ansprechperson,ContactPerson,
Anwender,AccessControlDefaults_user,Core_User,
Anwender,KontaktBlatt_User,Core_User,
Anwender,KontaktErfassenDialog_user,Core_User,
Anwender,MedicationComposite_column_mandant,Core_User,
Anwender,StringConstants_user,Core_User,
Anwender,ch.elexis.core.ui:elexis.userPrefs,Core_User,
Anwendungsgrund,MediDetailDialog_disposalComment,Prescription_Reason,
Anwendungsgrund,MedicationComposite_txtComment_message,Prescription_Reason,
Anwendungsinstruktion,ArticleDefaultSignatureComposite_applicationInstruction,Prescription_Instruction,
Anwendungsinstruktion,MediDetailDialog_intakeOrder,Prescription_Instruction,
Anwendungsinstruktion,MediDetailDialog_prescription,Prescription_Instruction,
Anwendungsinstruktion,MedicationComposite_txtIntakeOrder_message,Prescription_Instruction,
Anwendungsinstruktion,TherapieplanComposite_tblclmnComment_text,Prescription_Instruction,
Anzeige,CstProfileEditor_Anzeige,Core_Display,
Anzeige,XIDEdit_Display,Core_Display,
Anzeigen,AccessControlDefaults_display,Core_DisplayIt,
Anzeigen,Btn_Display,Core_DisplayIt,
Archie Perspektive,PERSPECTIVE,Core_Perspective,
Archie Perspektive,ch.unibe.iam.scg.archie:PERSPECTIVE,Core_Perspective,
Archiv Verzeichnis,MedicsPreferencePage_labelArchivDir,Core_Perspective,
Archiv Verzeichnis,Preferences_DirArchive,Core_Perspective,
Art,InvoiceListHeaderComposite_lblType_text,Core_Kind,
Art,InvoiceListView_tblclmnType_text,Core_Kind,
Artikel,BestellView_Article,Core_Article,
Artikel,DailyOrderDialog_Article,Core_Article,
Artikel,EigenartikelComposite_grpDrugPackages_text,Core_Article,
Artikel,TherapieplanComposite_tblclmnArticle_text,Core_Article,
Artikel,TherapieplanComposite_txtArticle_message,Core_Article,
Artikeldetail,ArtikelDetailDialog_articleDetail,Article_Detail,
Artikeldetail,MediDetailDialog_articleDetail,Article_Detail,
Artikeldetail,ch.elexis.core.application:elexis.articleDetailView,Article_Detail,
Auftragsnummer,GlobalActions_OrderID,Order_ID,
Auftragsnummer,LaborOrdersComposite_columnOrdernumber,Order_ID,
Aufwärts,Button_MoveUp,Core_UP,
Aufwärts,MovePrescriptionPositionInTableUpAction_Label,Core_UP,
Automatisch,BestellView_Automatic,Core_Automatic,
Automatisch,NeueBestellungDialog_Automatic,Core_Automatic,
Basisverzeichnis,MolemaxPrefs_basedir,Base_Directory,
Basisverzeichnis,Preferences_basedir,Base_Directory,
Befunde,DataAccessor_0,Core_Findings,
Befunde,MedicalElement_Findings,Core_Findings,
Befunde,ch.elexis.base.befunde:Befunde,Core_Findings,
Beilagen,DocboxArztArztDialog_TextAttachments,Attachements,
Beilagen,DocboxDocumentsView_Attachments,Attachements,
Beim Drucken ist ein Fehler aufgetreten. Bitte überprüfen Sie die Einstellungen.,BaseAgendaView_errorHappendPrinting,Printing_Error_Check_Settings,
Beim Drucken ist ein Fehler aufgetreten. Bitte überprüfen Sie die Einstellungen.,BaseView_errorHappendPrinting,Printing_Error_Check_Settings,
Beim Drucken ist ein Fehler aufgetreten. Bitte überprüfen Sie die Einstellungen.,PrintMediEtiketteUi_PrintError,Printing_Error_Check_Settings,
Bemerkung,KontaktBlatt_remark,Core_Remark,
Bemerkung,RnDialogs_remark,Core_Remark,
Bemerkung,RnPrintView_remark,Core_Remark,
Bemerkungen,AccountView_remarks,Core_Remarks,
Bemerkungen,EditVaccinationDialog_remarks,Core_Remarks,
Bemerkungen,Patientenblatt2_remarksLbk,Core_Remarks,
Benutzer,AlleLeistungen_User,Benutzer,
Benutzer,USER_OVERVIEW_USER,Benutzer,
Benutzerangaben,DBConnectSecondPage_Credentials,Benutzer_Details,
Benutzerangaben,DBImportSecondPage_userDetails,Benutzer_Details,
Benutzername,LoginDialog_0,Benutzer_Name,
Benutzername,Preferences_Username,Benutzer_Name,
Bereiche,AgendaUI_SideBar_range,Core_Areas,
Bereiche,ColumnHeader_Mandantors,Core_Areas,
Bestellung,BestellBlatt_TemplateName,Core_Areas,
Bestellung,BestellView_Title,Core_Areas,
Betrag offen,InvoiceListView_tblclmnOpenAmount_text,Invoice_Amount_Unpaid,
Betrag offen,RechnungsBlatt_amountOpen,Invoice_Amount_Unpaid,
Betreff,DocumentSelectDialog_subject,Core_Subject,
Betreff,ReminderDetailDialog_txtSubject_message,Core_Subject,
Betreff,TextView_Subject,Core_Subject,
Bezahlt,InvoiceState_PAID,Invoice_Paid,
Bezahlt,PAID,Invoice_Paid,
Bezahlt,RnControlFieldProvider_paid,Invoice_Paid,
Bezeichnung,BlockDetailDisplay_title,Core_Description,
Bezeichnung,Display_Column_Designation,Core_Description,
Bezeichnung,FallDetailBlatt2_29,Core_Description,
Bezeichnung,FallListeView_Label,Core_Description,
Bezeichnung,KontaktBlatt_Name,Core_Description,
Bezeichnung,KontaktErfassenDialog_bezeichnung,Core_Description,
Bezeichnung,KontaktSelector_expression1,Core_Description,
Bezeichnung,MediportClientSetsPrefPage_lbl_Bezeichnung,Core_Description,
Bezeichnung1,KontaktBlatt_Bez1,Core_Description_1,
Bezeichnung1,KontakteView_text1,Core_Description_1,
Bezeichnung2,KontaktBlatt_Bez2,Core_Description_2,
Bezeichnung2,KontakteView_text2,Core_Description_2,
Bezug,BezugsKonktat_Reference,Core_Reference,
Bezug,TarmedDetailDisplay_Relation,Core_Reference,
Bezugskontakt Definitionen,Bezugskontakt_Definition,Core_Reference_Definition,
Bezugskontakt Definitionen,Bezugskontakt_Title,Core_Reference_Definition,
Bitte Dateityp und Datei wählen,GenericImporterBlatt_PleaseSelectFile,Core_Please_Select_Type_and_File,
Bitte Dateityp und Datei wählen,KontaktImporterBlatt_PleaseChooseTypeAndFile,Core_Please_Select_Type_and_File,
Bitte Ursprungslabor auswählen,EditLabItem_OriginLaboratorySelectorBody,Laboratory_Please_Select_Origin,
Bitte Ursprungslabor auswählen,EditLabItem_OriginLaboratorySelectorCaption,Laboratory_Please_Select_Origin,
Bitte das Ausgabeverzeichnis für die Rechnungen angeben,InvoiceOutputter_InvoiceOutputDir,Invoice_Please_Select_Output_Directory,
Bitte das Ausgabeverzeichnis für die Rechnungen angeben,XMLExporter_PleaseEnterOutputDirectoryForBills,Invoice_Please_Select_Output_Directory,
Bitte geben Sie Ihren Benutzernamen und Ihr Passwort an,ApplicationWorkbenchAdvisor_9,Core_Please_Enter_Name_and_Password,
Bitte geben Sie Ihren Benutzernamen und Ihr Passwort an,LoginDialog_enterUsernamePass,Core_Please_Enter_Name_and_Password,
"Bitte geben Sie den Namen der Konfiguration an, die Sie laden möchten",UserPreferences_PleaseEnterName,Core_Please_Enter_Configuration_to_load,
"Bitte geben Sie den Namen der Konfiguration an, die Sie laden möchten",UserPreferences_PleaseEnterName3,Core_Please_Enter_Configuration_to_load,
Bitte selektieren sie einen Patient,Handler_errorMessageNoPatientSelected,Core_Please_Select_a_Patient,
Bitte selektieren sie einen Patient,LabOrderAction_errorMessageNoPatientSelected,Core_Please_Select_a_Patient,
"Bitte wählen Sie zuerst einen Patienten, dem dieses Dokument zugeordnet werden soll",DocHandle_pleaseSelectPatient,Core_Please_Select_first_a_Patient_for_Document,
"Bitte wählen Sie zuerst einen Patienten, dem dieses Dokument zugeordnet werden soll",OmnivoreView_noPatientText,Core_Please_Select_first_a_Patient_for_Document,
"Bitte wählen Sie, wer diesen Artikel liefert",Artikeldetail_LieferantWaehlen,Core_Please_Select_Article_Provider,
"Bitte wählen Sie, wer diesen Artikel liefert",EigenartikelDisplay_pleaseChooseDealer,Core_Please_Select_Article_Provider,
Bitte zuerst einen Patienten auswählen,ExterneDokumente_select_patient_first,Core_Please_Select_first_a_Patient,
Bitte zuerst einen Patienten auswählen,GlobalActions_DoSelectPatient,Core_Please_Select_first_a_Patient,
Buchung/Zahlung hinzufügen,AccountView_addBookingCaption,Invoice_Add_Payment,
Buchung/Zahlung hinzufügen,RnActions_addBookingAction,Invoice_Add_Payment,
COM10,AfinionAS100Action_DefaultPort,COM_DefaultPort_10,
COM10,ReflotronSprintAction_DefaultPort,COM_DefaultPort_10,
COM10,SysmexAction_DefaultPort,COM_DefaultPort_10,
CST Profile für,CstProfileEditor_CstProfilesFor,CST_Profile_for,
CST Profile für,Cst_Text_Profile_fuer,CST_Profile_for,
Cobas Mira,CobasMiraAction_ButtonName,CobasMira_Name,
Cobas Mira,CobasMiraAction_DeviceName,CobasMira_Name,
Code,BlockDetailDisplay_code,Core_Code,
Code,DetailDisplay_code,Core_Code,
Code,Display_Column_Code,Core_Code,
Code,Labor2009Selector_code,Core_Code,
Code,StockManagementPreferencePage_lblCode_text,Core_Code,
Code,StockManagementPreferencePage_tblclmnNewColumn_text_1,Core_Code,
Code,VerrechnungsStatistikView_CODE,Core_Code,
Codesystem,SERVICES_HEADING_CODESYSTEM,Core_Code_System,
Codesystem,VerrechnungsStatistikView_CODESYSTEM,Core_Code_System,
Credentials,DBConnectSecondPage_0,Core_Credentials,
Credentials,DBConnectWizard_Credentials,Core_Credentials,
Das Dokument editieren konnte nicht abgebrochen werden.,BriefAuswahl_errorlocaleditabortmessage,Core_Could_not_abort_editing,
Das Dokument editieren konnte nicht abgebrochen werden.,LocalDocumentsDialog_errorabortmessage,Core_Could_not_abort_editing,
Das Dokument in eine Datei exportieren,OmnivoreView_exportActionToolTip,Core_Export_to_file,
Das Dokument in eine Datei exportieren,OmnivoreView_exportActionTooltip,Core_Export_to_file,
Das Dokument konnte nicht geschrieben werden,DocHandle_documentErrorText2,Core_Could_not_write_document,
Das Dokument konnte nicht geschrieben werden,DocHandle_writeErrorText,Core_Could_not_write_document,
Das Dokument konnte nicht korrekt gelesen werden,DocHandle_documentErrorText1,Core_Could_not_read_correctly_document,
Das Dokument konnte nicht korrekt gelesen werden,DocHandle_readErrorText,Core_Could_not_read_correctly_document,
Das Dokument konnte nicht wieder eingelesen werden.,BriefAuswahl_errorlocaleditendmessage,Core_Could_not_reread_correctly_document,
Das Dokument konnte nicht wieder eingelesen werden.,EndLocalDocumentHandler_errormessage,Core_Could_not_reread_correctly_document,
Das Dokument konnte nicht wieder eingelesen werden.,LocalDocumentsDialog_errorendmessage,Core_Could_not_reread_correctly_document,
Das Dokument wurde nicht zum editieren geöffnet.,AbortLocalDocumentHandler_infomessage,Core_Document_was_not_opened_to_edit,
Das Dokument wurde nicht zum editieren geöffnet.,EndLocalDocumentHandler_infomessage,Core_Document_was_not_opened_to_edit,
Das Gerät antwortet nicht,AbacusJuniorAction_RS232_Timeout_Text,Core_Device_Timout,
Das Gerät antwortet nicht,ReflotronSprintAction_RS232_Timeout_Text,Core_Device_Timout,
Das Gerät antwortet nicht,SysmexAction_RS232_Timeout_Text,Core_Device_Timout,
Datei,ESRView2_file,Core_File,
Datei,GenericImporterBlatt_File,Core_File,
Datei,ICalTransfer_file,Core_File,
Datei,ImageChooser_imageFile,Core_File,
Datei,KontaktImporterBlatt_Datei,Core_File,
Datei importieren,FileImportDialog_importCaption,Core_Import_File,
Datei importieren,FileImportDialog_importFileCaption,Core_Import_File,
Datei wählen,GenericImporterBlatt_SelectFile,Core_Select_File,
Datei wählen,KontaktImporterBlatt_ChoseFile,Core_Select_File,
Dateiendung,DocumentsView_extensionColumn,Core_File_Extension,
Dateiendung,FileEditDialog_extension,Core_File_Extension,
Dateityp,GenericImporterBlatt_FileType,Core_FileType,
Dateityp,KontaktImporterBlatt_DateiTyp,Core_FileType,
Datenbankabfrage,FakturaJournal_DatabaseQuery,Core_Database_Query,
Datenbankabfrage,KonsZumVerrechnenView2_databaseRequest,Core_Database_Query,
Datenbankabfrage,KonsZumVerrechnenView_databaseRequest,Core_Database_Query,
Datenbankabfrage,ListeNachFaelligkeit_DatabaseQuery,Core_Database_Query,
Datenbankabfrage,OffenePostenListe_DatabaseQuery,Core_Database_Query,
Datenbankabfrage,RnContentProvider_databseRequest,Core_Database_Query,
Datenbankabfrage,RnContentProvider_prepare,Core_Database_Query,
Datenbankabfrage,ZahlungsJournal_DatabaseQuery,Core_Database_Query,
Datenbankname,DBConnectFirstPage_databaseName,Core_Database_Name,
Datenbankname,DBImportFirstPage_databaseName,Core_Database_Name,
Datenbanktyp,DBConnectWizard_typeOfDB,Core_Database_Type,
Datenbanktyp,DBImportWizard_typeOfDB,Core_Database_Type,
Datenbanktyp,Datenbank_typeOfDatabase,Core_Database_Type,
Datenimport,ArtikelView_importCaption,Core_Import_Data,
Datenimport,CodeDetailView_importerCaption,Core_Import_Data,
Datenquellen auswählen,GlobalActions_ImportDlgMessage,Core_Choose_Import_Source,
Datenquellen auswählen,LaborView_selectDataSource,Core_Choose_Import_Source,
Datentyp,FieldDisplayView_DataType,Core_Data_Type,
Datenübertragung wurde unterbrochen,AbacusJuniorAction_RS232_Break_Text,Core_Data_RS232_Break,
Datenübertragung wurde unterbrochen,AfinionAS100Action_RS232_Break_Text,Core_Data_RS232_Break,
Datenübertragung wurde unterbrochen,CobasMiraAction_RS232_Break_Text,Core_Data_RS232_Break,
Datenübertragung wurde unterbrochen,ReflotronSprintAction_RS232_Break_Text,Core_Data_RS232_Break,
Datenübertragung wurde unterbrochen,SysmexAction_RS232_Break_Text,Core_Data_RS232_Break,
Datum/Zeit,LabOrderView_DateTime,Core_Date_Time,
Datum/Zeit,UI_dateTime,Core_Date_Time,
Datum: ,Leistungscodes_date,Core_Date_with_colon,
Datum: ,ResponseAnalyzer_Date,Core_Date_with_colon,
Der Dateiname ist zu lang (max. 255 Zeichen),DocHandle_importErrorText1,Core_Filename_too_long,
Der Dateiname ist zu lang (max. 255 Zeichen),DocumentView_fileNameTooLong,Core_Filename_too_long,
Der Laborwert wurde noch nie ermittelt.,CstResultEffektiv_resultat_nie_ermittelt,Laboratory_Value_not_determined,
Der Laborwert wurde noch nie ermittelt.,CstResultEffktiv_resultat_nie_ermittelt,Laboratory_Value_not_determined,
Di,Tageseinteilung_tu,Core_Tuesday_Short,
Di,TimeTool_tu,Core_Tuesday_Short,
Diagnosen,DIAGNOSES_TITLE,Core_Diagnosis,
Diagnosen,DiagnosenDisplay_DiagnoseTarget,Core_Diagnosis,
Diagnosen,Patientenblatt2_diagnosesLbl,Core_Diagnosis,
Diagramm Assistent,CHART_WIZARD_PAGE_TITLE,Chart_Wizard,
Diagramm Assistent,CHART_WIZARD_TITLE,Chart_Wizard,
Die Datei {0} kann nicht gelesen werden,DocHandle_cantReadText,Core_cant_read_file_0,
Die Datei {0} kann nicht gelesen werden,DocumentView_cantReadText,Core_cant_read_file_0,
Die Description,DBConnectFirstPage_theDescripotion,Core_the_description,
Die Description,DBImportFirstPage_theDesrciption,Core_the_description,
Die gewählte Messung löschen,FindingsView_deleteActionToolTip,Core_Delete_Selected_Recording,
Die gewählte Messung löschen,MessungenUebersicht_action_loeschen_ToolTip,Core_Delete_Selected_Recording,
"Die jeweiligen Einstellungsseiten erscheinen nur, falls entsprechende Plugins\n",CDSSGroup_ExplanationCDSSLine2,Core_Preferences_only_shown_when,
"Die jeweiligen Einstellungsseiten erscheinen nur, falls entsprechende Plugins\n",Services_ExplanationLine2,Core_Preferences_only_shown_when,
Dienstag,SerienTermin_tuesday,Core_Tuesday,
Dienstag,TimeTool_tuesday,Core_Tuesday,
Dies druckt alle aufgelisteten Patienten,KonsZumVerrechnenView_printListMessage,Core_Print_All_Selected_Patients,
Dies druckt alle aufgelisteten Patienten,RnActions_printListMessage,Core_Print_All_Selected_Patients,
Do,Tageseinteilung_th,Core_Thursday_Short,
Do,TimeTool_th,Core_Thursday_Short,
Dokument,EditLabItem_labelTypDocument,Core_Document,
Dokument,GeneralPreferences_Document,Core_Document,
Dokument,LaborPrefs_document,Core_Document,
Dokument,LocalDocumentsDialog_document,Core_Document,
Dokument,PatientDocumentManager_documentTitel,Core_Document,
Dokument,PatientLabor_DocumentLabItemName,Core_Document,
Dokument,PatientLabor_nameDokumentLaborParameter,Core_Document,
Dokument,Stickers_document,Core_Document,
Dokument löschen,BriefAuswahlDeleteConfirmHeading,Core_Delete_Document,
Dokument löschen,BriefAuswahlDeleteDocument,Core_Delete_Document,
Dokument löschen,DocboxDocumentsView_Action_Delete,Core_Delete_Document,
Dokument löschen,DocumentSelectDialog_deleteDocument,Core_Delete_Document,
Dokument löschen,ExterneDokumente_delete_doc,Core_Delete_Document,
Dokument löschen,OmnivoreView_deleteActionToolTip,Core_Delete_Document,
Dokumentbeschreibung bearbeiten,OmnivoreView_editActionToolTip,Core_Edit_Documentdescription,
Dokumentbeschreibung bearbeiten,OmnivoreView_editActionTooltip,Core_Edit_Documentdescription,
Dokumente,AccessControlDefaults_documents,Core_Documents,
Dokumente,ContactLinkRecordEditDialog_labelDoc,Core_Documents,
Dokumente,MedicalElement_Documents,Core_Documents,
Dokumente,ch.elexis.core.application:elexis.textCategory,Core_Documents,
Donnerstag,SerienTermin_thursday,Core_Thursday,
Donnerstag,TimeTool_thursday,Core_Thursday,
Dosierung,ArticleDefaultSignatureComposite_dosage,Core_Dosage,
Dosierung,MediDetailDialog_dosage,Core_Dosage,
Dosierung,MediVerlaufView_dosage,Core_Dosage,
Download Verzeichnis,LabOrderImport_labelDownloadDir,Core_Download_Directory,
Download Verzeichnis,MedicsPreferencePage_labelDownloadDir,Core_Download_Directory,
Download Verzeichnis,PreferencePage_DownloadDir,Core_Download_Directory,
Download Verzeichnis,PreferencePage_label_download,Core_Download_Directory,
Download Verzeichnis,Preferences_DirDownload,Core_Download_Directory,
Download von Server im Moment nicht möglich.\nVersuchen Sie es später nochmals.,Importer_leereBatchdatei_error,Core_Download_Not_Possible_Try_later,
Download von Server im Moment nicht möglich.\nVersuchen Sie es später nochmals.,Importer_semaphore_error,Core_Download_Not_Possible_Try_later,
Drucken,AppointmentDetailComposite_print,Core_Print,
Drucken,FindingsView_printActionCaptiob,Core_Print,
Drucken,ImpfplanView_printActionTitle,Core_Print,
Drucken,Printing_Printing,Core_Print,
Drucken,RezepteView_printAction,Core_Print,
Drucken,TerminDialog_print,Core_Print,
Drucken...,AUF2_print,Core_Print_ellipsis,
Drucken...,LaborView_print,Core_Print_ellipsis,
E-Mail,ErsterMandantDialog_EMail,Core_E_Mail,
E-Mail,ExterneDokumente_sendEmail,Core_E_Mail,
E-Mail,KontaktBlatt_Mail,Core_E_Mail,
E-Mail,KontaktDetailDialog_labelMail,Core_E_Mail,
E-Mail,Patientenblatt2_email,Core_E_Mail,
EAN,KontaktExtInfo_EAN,Core_EAN,
EAN,MediportMainPrefPage_mediport_EAN,Core_EAN,
Eigenschaften,ExterneDokumente_propeties,Core_Properities,
Eigenschaften,ch.elexis.core.ui:properties,Core_Properities,
Eigenschaften...,ArtikelContextMenu_propertiesAction,Core_Properities_ellipsis,
Eigenschaften...,EigenleistungContextMenu_propertiesAction,Core_Properities_ellipsis,
Eine neue Messung hinzufügen,FindingsView_addNewMeasure,Core_Add_new_measure,
Eine neue Messung hinzufügen,MessungenUebersicht_action_neu_ToolTip,Core_Add_new_measure,
Einen Betrag als Zahlung eingeben,AccountView_addBookingBody,Invoice_add_amount_as_payment,
Einen Betrag als Zahlung eingeben,RnActions_addBookingTooltip,Invoice_add_amount_as_payment,
Einen neuen Fall erstellen,GlobalActions_NewCaseToolTip,Core_Create_new_case,
Einen neuen Fall erstellen,NeuerFallDialog_createNewCase,Core_Create_new_case,
Eingelesen,ESRRecordDialog_readInDate,Core_has_read,
Eingelesen,ESRView2_readDate,Core_has_read,
Einheit,CstLaborPrefs_unit,Core_Unit,
Einheit,EditLabItem_labelUnit,Core_Unit,
Einheit,EditLabResultDialog_labelUnit,Core_Unit,
Einheit,LaborPrefs_48,Core_Unit,
Einheit,LaborPrefs_unit,Core_Unit,
Einheit,MiGelDetailDisplay_Unit,Core_Unit,
Einstellungen,AccessControlDefaults_settings,Core_Settings,
Einstellungen,TemplatePreferences_Title,Core_Settings,
Elexis - Anmeldung,ApplicationWorkbenchAdvisor_7,Core_Elexis_Login,
Elexis - Anmeldung,LoginDialog_loginHeader,Core_Elexis_Login,
Entfernen,Bezugskontakt_Delete,Core_Remove,
Entfernen,BlockDetailDisplay_remove,Core_Remove,
Entfernen,LagerView_deleteAction,Core_Remove,
Entfernen,StockManagementPreferencePage_mntmNewItem_text_1,Core_Remove,
Erledigt,EditReminderDialog_fixed,Core_Fixed,
Erledigt,LabOrder_stateDone,Core_Fixed,
Erledigt,ProcessStatus_CLOSED,Core_Fixed,
Erledigt,ReminderDetailDialog_btnClosed_text,Core_Fixed,
Error Verzeichnis,MedicsPreferencePage_labelErrorDir,Core_Error_Directory,
Error Verzeichnis,Preferences_DirError,Core_Error_Directory,
Erstelldatum Original,FileImportDialog_dateOriginLabel,Core_Date_of_original,
Erstelldatum Original,OmnivoreView_dateOriginColumn,Core_Date_of_original,
Es ist ein Fehler beim Einlesen passiert. Bitte log prüfen,DocHandle_readErrorText2,Core_Error_Reading_Please_check_log,
Es ist ein Fehler beim Einlesen passiert. Bitte log prüfen,DocumentView_importErrorText2,Core_Error_Reading_Please_check_log,
Es wurde Speicherung im Dateisystem verlangt aber der Pfad ist nicht gültig,DocHandle_configErrorText,Core_Save_request_but_path_not_valid,
Es wurde Speicherung im Dateisystem verlangt aber der Pfad ist nicht gültig,OmnivoreView_configErrorText,Core_Save_request_but_path_not_valid,
Etikette mit Nummer,GlobalActions_PrintVersionedLabel,Core_Print_versioned_Label,
Etikette mit Nummer,ch.elexis.core.ui:elexis.printVersionedLabel,Core_Print_versioned_Label,
Exception beim Lesen,HL7Reader_ExceptionWhileReading,Core_Exception_while_reading,
Exception beim Lesen,HL7_ExceptionWhileReading,Core_Exception_while_reading,
Export Tags,EditLabItem_labelExportTag,Core_Export_tag,
Export Tags,LaborPrefs_lblExportTag,Core_Export_tag,
Exportiere Rechnungen...,InvoiceOutputter_DoExport,Invoices_export,
Exportiere Rechnungen...,MediportOutputter_info_exportiereRechnungen,Invoices_export,
Extern speichern,Texterstellung_dlg_title_save_external,Core_Save_External,
Extern speichern,Texterstellung_title_error_saving_external,Core_Save_External,
Facharzt,RechnungsPrefs_MandantType_SPECIALIST,Core_Doctor_Specialist,
Facharzt,RelationshipType_WELFARE_CONSULTANT,Core_Doctor_Specialist,
Fakultative Daten,FallDetailBlatt2_optionalData,Core_optional_data,
Fakultative Daten,Leistungscodes_optionalData,Core_optional_data,
Fall bearbeiten,FallEditDialog_editCase,Core_Edit_Case,
Fall bearbeiten,GlobalActions_EditCase,Core_Edit_Case,
Fall bearbeiten,RnActions_edirCaseAction,Core_Edit_Case,
Fall geschlossen,Fall_CaseClosedCaption,Core_Case_is_closed,
Fall geschlossen,KonsDetailView_CaseClosedCaption,Core_Case_is_closed,
Fax,KontaktBlatt_Fax,Core_Fax,
Fax,KontaktDetailDialog_labelFax,Core_Fax,
Fax,KontaktErfassenDialog_fax,Core_Fax,
Fax,Patientenblatt2_fax,Core_Fax,
Fehlende Rechte,PatientMenuPopulator_DeletePatientRefusalCaption,Core_Missing_rights,
Fehlende Rechte,PatientenListeView_MissingRights,Core_Missing_rights,
Fehlende Rechte,VerrechnungsDisplay_missingRightsCaption,Core_Missing_rights,
Fehler bei der Messung,AbacusJunior_Value_Error,Core_Error_while_measuring,
Fehler bei der Messung,Afinion_Value_Error,Core_Error_while_measuring,
Fehler bei der Messung,Reflotron_Value_Error,Core_Error_while_measuring,
Fehler bei der Messung,Sysmex_Value_Error,Core_Error_while_measuring,
Fehler beim Archivieren,DocHandle_MoveError,Core_Error_while_archiving,
Fehler beim Archivieren,DocHandle_MoveErrorCaption,Core_Error_while_archiving,
Fehler beim Archivieren,HL7Parser_ErrorArchiving,Core_Error_while_archiving,
Fehler beim Archivieren,Importer_error_archivieren,Core_Error_while_archiving,
Fehler beim Auslesen der Probe,AfinionAS100Action_ProbeError_Title,Core_Error_reading_probe,
Fehler beim Auslesen der Probe,ReflotronSprintAction_ProbeError_Title,Core_Error_reading_probe,
Fehler beim Auslesen der Probe,SysmexAction_ProbeError_Title,Core_Error_reading_probe,
Fehler beim Drucken,BaseAgendaView_errorWhileprinting,Core_Error_while_printing,
Fehler beim Drucken,BaseView_errorWhilePrinting,Core_Error_while_printing,
Fehler beim Drucken,DefaultError_Title,Core_Error_while_printing,
Fehler beim Drucken,Printing_Error_while,Core_Error_while_printing,
Fehler beim Drucken,RechnungsDrucker_ErrorsWhilePrinting,Core_Error_while_printing,
Fehler beim Drucken,TemplateDrucker_errorPrinting,Core_Error_while_printing,
Fehler beim ESR-Einlesen,ESRView_errorESR2,Core_Error_Reading_ESR,
Fehler beim ESR-Einlesen,ESRView_errrorESR2,Core_Error_Reading_ESR,
Fehler beim Einlesen,DocHandle_importErrorCaption,Core_Error_while_reading,
Fehler beim Einlesen,DocHandle_readError,Core_Error_while_reading,
Fehler beim Einlesen,DocHandle_readErrorCaption3,Core_Error_while_reading,
Fehler beim Einlesen,DocumentView_importErrorCaption,Core_Error_while_reading,
Fehler beim Einlesen,HL7Parser_ErrorReading,Core_Error_while_reading,
Fehler beim Export,DocumentView_exportErrorCaption,Core_Error_while_exporting,
Fehler beim Export,Export_while,Core_Error_while_exporting,
Fehler beim Import,DocHandle_importErrorMessage,Core_Error_while_importing,
Fehler beim Import,GenericImporter_ErrorImporting,Core_Error_while_importing,
Fehler beim Import,Import_Agenda_errorsDuringImport,Core_Error_while_importing,
Fehler beim Import,ImporterPage_importError,Core_Error_while_importing,
Fehler beim Import,Importer_error_import,Core_Error_while_importing,
Fehler beim Import,KontaktImporter_ErrorImport,Core_Error_while_importing,
Fehler beim Import,NotesView_importErrorDlgTitle,Core_Error_while_importing,
Fehler beim Importieren von HL7 Daten,HL7Parser_ExceptionWhileProcessingData,Core_Error_while_importing_HL7,
Fehler beim Importieren von HL7 Daten,HL7_ExceptionWhileProcessingData,Core_Error_while_importing_HL7,
Fehler beim Initialisieren des Codesystems ,ArtikelView_errorText,Core_Error_Initialising_code_system,
Fehler beim Initialisieren des Codesystems ,CodeDetailView_errorBody,Core_Error_Initialising_code_system,
Fehler beim Schreiben,DocHandle_writeErrorCaption2,Core_Error_While_writing,
Fehler beim Schreiben,PatHeuteView_errorWriting,Core_Error_While_writing,
Fehler mit Dokument,DocHandle_documentErrorCaption,Core_Error_with_document,
Fehler mit Dokument,DocHandle_readErrorCaption,Core_Error_with_document,
Fehler mit Dokument,DocHandle_writeErrorCaption,Core_Error_with_document,
Fehler mit Dokument,DocumentView_saveErrorCaption,Core_Error_with_document,
Fehler mit Gerät,AbacusJuniorAction_RS232_Break_Title,Core_Error_with_device,
Fehler mit Gerät,AbacusJuniorAction_RS232_Timeout_Title,Core_Error_with_device,
Fehler mit Gerät,AfinionAS100Action_RS232_Break_Title,Core_Error_with_device,
Fehler mit Gerät,AfinionAS100Action_RS232_Timeout_Title,Core_Error_with_device,
Fehler mit Gerät,CobasMiraAction_RS232_Break_Title,Core_Error_with_device,
Fehler mit Gerät,CobasMiraAction_RS232_Timeout_Title,Core_Error_with_device,
Fehler mit Gerät,ReflotronSprintAction_RS232_Break_Title,Core_Error_with_device,
Fehler mit Gerät,ReflotronSprintAction_RS232_Timeout_Title,Core_Error_with_device,
Fehler mit Gerät,SysmexAction_RS232_Break_Title,Core_Error_with_device,
Fehler mit Gerät,SysmexAction_RS232_Timeout_Title,Core_Error_with_device,
Fehler mit Log-File,AbacusJuniorAction_LogError_Title,Core_Error_with_logfile,
Fehler mit Log-File,AfinionAS100Action_LogError_Title,Core_Error_with_logfile,
Fehler mit Log-File,CobasMiraAction_LogError_Title,Core_Error_with_logfile,
Fehler mit Log-File,ReflotronSprintAction_LogError_Title,Core_Error_with_logfile,
Fehler mit Log-File,SysmexAction_LogError_Title,Core_Error_with_logfile,
Fehler mit Port,AbacusJuniorAction_RS232_Error_Title,Core_Error_with_port,
Fehler mit Port,AfinionAS100Action_RS232_Error_Title,Core_Error_with_port,
Fehler mit Port,CobasMiraAction_RS232_Error_Title,Core_Error_with_port,
Fehler mit Port,ReflotronSprintAction_RS232_Error_Title,Core_Error_with_port,
Fehler mit Port,SysmexAction_RS232_Error_Title,Core_Error_with_port,
Fehlerhaft,InvoiceState_DEFECTIVE,Core_Error_is_defective,
Fehlerhaft,RnControlFieldProvider_erroneous,Core_Error_is_defective,
Filter,KonsFilterDialog_filter,Core_Filter,
Filter,PatHeuteView_filterAction,Core_Filter,
Filter,ch.elexis.core.ui.contacts:command.advancedFilterCommand.label,Core_Filter,
Finanzinstitut,RechnungsPrefs_FinanceInst,Core_Financial_Institution,
Finanzinstitut,RechnungsPrefs_Financeinst,Core_Financial_Institution,
Fixmedikation,Cst_Text_Fixmedikation,Core_Fixed_medication,
Fixmedikation,FixMediDisplay_FixMedikation,Core_Fixed_medication,
Fixmedikation,Patientenblatt2_fixmedication,Core_Fixed_medication,
Formel,EditLabItem_labelTypFormula,Core_Formula,
Formel,LaborPrefs_44,Core_Formula,
Formel,LaborPrefs_formula,Core_Formula,
Fr,Tageseinteilung_fr,Core_Friday_Short,
Fr,TimeTool_fr,Core_Friday_Short,
Freitag,SerienTermin_friday,Core_Friday,
Freitag,TimeTool_friday,Core_Friday,
Freitext,MediDetailDialog_freetext,Core_Freetext,
Freitext,MedicationComposite_freetext,Core_Freetext,
Freitext de-/aktivieren,MediDetailDialog_tooltipDosageType,Core_change_freetext_activation,
Freitext de-/aktivieren,MedicationComposite_tooltipDosageType,Core_change_freetext_activation,
Fälle,FaelleView_partName,Core_Cases,
Fälle,SelectFallDialog_Cases,Core_Cases,
Fällig,EditReminderDialog_due,Invoice_reminder_due,
Fällig,ProcessStatus_DUE,Invoice_reminder_due,
Fällig,ReminderDetailDialog_btnDue_text,Invoice_reminder_due,
"Geben Sie bitte an, wie dieser Parameter errechnet werden soll",LaborPrefs_45,Core_Enter_Formula_for_parameter,
"Geben Sie bitte an, wie dieser Parameter errechnet werden soll",PrefsPage_enterCalculationForThis,Core_Enter_Formula_for_parameter,
Geben Sie bitte einen Titel und ggf. einige Stichwörter für dieses Dokument ein,DocumentMetaDataDialog_titleMessage,Core_Enter_Title_and_tags_for_document,
Geben Sie bitte einen Titel und ggf. einige Stichwörter für dieses Dokument ein,FileImportDialog_importFileText,Core_Enter_Title_and_tags_for_document,
"Geben Sie hier den Benutzernamen und das Passwort für
",DBConnectSecondPage_username1,Core_Enter_username_and_password_for,
"Geben Sie hier den Benutzernamen und das Passwort für
",DBImportSecondPage_enterUsername,Core_Enter_username_and_password_for,
Geben Sie hier den Typ ein,DBConnectFirstPage_enterType,Core_Enter_Typename,
Geben Sie hier den Typ ein,DBImportFirstPage_EnterType,Core_Enter_Typename,
Geburtsdatum,AccountListView_bithdate,Core_Enter_Birthdate,
Geburtsdatum,KontaktDetailDialog_labelBirthdate,Core_Enter_Birthdate,
Geburtsdatum,KontaktErfassenDialog_birthDate,Core_Enter_Birthdate,
Geburtsdatum,KontaktSelector_birthDate,Core_Enter_Birthdate,
Geburtsdatum,PatientErfassenDialog_birthDate,Core_Enter_Birthdate,
Geburtsdatum,PatientenListeView_PatientBirthdate,Core_Enter_Birthdate,
Geburtsdatum,Patientenblatt2_birthdate,Core_Enter_Birthdate,
Geburtsdatum,Preferences_cotf_dob,Core_Enter_Birthdate,
Geburtsdatum,UserSettings2_Birthdate,Core_Enter_Birthdate,
Gehen Sie in die Einstellungen und Konfigurieren Sie den MPC\!,MediportOutputter_error_msg2_NoMPCClient,Core_Enter_MPC_Settings,
Gehen Sie in die Einstellungen und Konfigurieren Sie den MPC\!,MediportOutputter_error_msg2_NoMPCConfig,Core_Enter_MPC_Settings,
Gehen Sie in die Einstellungen und Konfigurieren Sie den MPC\!,MediportOutputter_error_msg2_NoMPCParam,Core_Enter_MPC_Settings,
Gesetz,InvoiceListView_tblclmnLaw_text,Core_Law_Name,
Gesetz,Leistungscodes_defaultLawLabel,Core_Law_Name,
Gesetz,TarmedRequirements_Law,Core_Law_Name,
Gewinn,CONSULTATION_TIME_STATS_HEADING_PROFIT,Core_Profit,
Gewinn,PATIENTS_PROFITS_HEADING_PROFIT,Core_Profit,
Globale Einstellungen verwenden,GeneralPreferences_SettingScope,Core_Use_global_settings,
Globale Einstellungen verwenden,Preferences_UseGlobalSettings,Core_Use_global_settings,
Grund,AppointmentDetailComposite_reason,Core_Reason,
Grund,EditAUFDialog_reason,Core_Reason,
Grund,SerienTerminDialog_txtReason_message,Core_Reason,
Grund,TerminDialog_reason,Core_Reason,
Gruppe für Laborblatt (beliebiger Text oder Zahl),EditLabItem_tooltipGroup,Core_Labgroup,
Gruppe für Laborblatt (beliebiger Text oder Zahl),LaborPrefs_50,Core_Labgroup,
Gruppe:,LabGroupPrefs_group,Core_Group_ellipsis,
Gruppe:,LabGroupPrefs_group1,Core_Group_ellipsis,
Gruppen,Gruppen_Gruppen,Core_Groups,
Gruppen,LabGroupPrefs_groups,Core_Groups,
Gruppen,Mandanten_groups,Core_Groups,
Gruppen,USER_OVERVIEW_GROUPS,Core_Groups,
Gutgeschrieben,ESRRecordDialog_addedDate,Invoice_date_paid,
Gutgeschrieben,ESRView2_addedDate,Invoice_date_paid,
HL7 Export Tags. Komma getrennt,EditLabItem_labelHintExportTag,Core_HL7_Tags_comma_separated,
HL7 Export Tags. Komma getrennt,LaborPrefs_hintExportTag,Core_HL7_Tags_comma_separated,
Hilfe,AccessControlDefaults_help,Core_Help,
Hilfe,HilfeComposite_hilfe_text,Core_Help,
Hinzu,ImpfplanPreferences_addCaption,Core_Add_Caption,
Hinzu,PatHeuteView_add,Core_Add_Caption,
Hinzufügen,BefundePrefs_add,Core_Add,
Hinzufügen,Bezugskontakt_Add,Core_Add,
Hinzufügen,FixMediDisplay_AddItem,Core_Add,
Hinzufügen,Patientenblatt2_add,Core_Add,
Hinzufügen,StockManagementPreferencePage_mntmNewItem_text,Core_Add,
Hinzufügen...,LabGroupPrefs_add,Core_Add_ellipsis,
Hinzufügen...,MultiplikatorEditor_add,Core_Add_ellipsis,
Horizontal,GeneralPreferences_OrientationLandscape,Core_Horizontal,
Horizontal,TemplatePreferences_TextOrientation_Horizontal,Core_Horizontal,
INFO: Resultat {4} zu Test {0} vom {2} nicht importiert. Bereits gespeicherter Wert {3} vom {1} ist gültig.,PatientLabor_InfoExistingValueIsValid,Core_Info_Result_5_params_already_exists,
INFO: Resultat {4} zu Test {0} vom {2} nicht importiert. Bereits gespeicherter Wert {3} vom {1} ist gültig.,PatientLabor_InfoNewerResultAlreadyExists,Core_Info_Result_5_params_already_exists,
Impfplan,ImpfplanPrinter_printPlanTitle,Core_Vaccination_plan,
Impfplan,ImpfplanPrinter_templateName,Core_Vaccination_plan,
Impfplan,ImpfplanPrinter_templateType,Core_Vaccination_plan,
Impfstoff,EditVaccinationDialog_vaccinationSubstance,Core_Vaccination_substance,
Impfstoff,ImpfplanPreferences_vaccDummy,Core_Vaccination_substance,
Impfstoff,ImpfplanView_vaccinationColumn,Core_Vaccination_substance,
Impfung eintragen,AddVaccinationDialog_enterVaccinationTitle,Core_Enter_Vaccination,
Impfung eintragen,EditVaccinationDialog_enterVaccination,Core_Enter_Vaccination,
Import ID,ContactLinkPreferences_DocImportId,Core_Import_ID,
Import ID,ContactLinkRecordEditDialog_labelDocImportId,Core_Import_ID,
Import abgeschlossen,DocumentImporterPage_ImportCompletedTitle,Core_Import_finished,
Import abgeschlossen,LabOrderImport_ImportCompletedTitle,Core_Import_finished,
Import aus Datei (HL7),Importer_label_importFile,Core_Import_HL7_file,
Import aus Datei (HL7),LabOrderImport_ImportFromHL7,Core_Import_HL7_file,
Importer,GlobalActions_ImportDlgShelltext,Core_Importer,
Importer,KontaktImporterDialog_ImporterCaption,Core_Importer,
In Bearbeitung,ProcessStatus_IN_PROGRESS,Core_in_progress,
In Bearbeitung,ReminderDetailDialog_btnInProgress_text,Core_in_progress,
In Betreibung,InvoiceState_IN_EXECUTION,Core_in_progress,
In Betreibung,RnControlFieldProvider_enforcement,Core_in_progress,
Information,MessungenUebersichtV21_Information,Core_Information,
Information,ResultDialog_Info,Core_Information,
Interner Name,EigenartikelComposite_lblInternalName_text,Core_Internal_name,
Interner Name,TarmedDetailDisplay_NameInternal,Core_Internal_name,
Ja,KonsDetailView_Yes,Core_Yes,
Ja,MediPortAbstractPrefPage_lbl_Ja,Core_Yes,
Ja,MesswertTypBool_Yes,Core_Yes,
Ja,QueryOverwriteDialog_YES,Core_Yes,
Ja,RnDialogs_yes,Core_Yes,
Ja,RnPrintView_yes,Core_Yes,
Ja,Termin_yes,Core_Yes,
Ja,USER_OVERVIEW_YES,Core_Yes,
KK,KontaktImporterBlatt_KKKuerzel,Core_KK_Short,
KK,Presets_KKKuerzel,Core_KK_Short,
KVG,Fall_KVG_Name,Case_KVG_Short,
KVG,NeuerFallDialog_2,Case_KVG_Short,
KVG,Presets_KVGAbkuerzung,Case_KVG_Short,
Kann Datei nicht lesen,DocHandle_cantReadCaption,Core_Unable_to_read_file,
Kann Datei nicht lesen,DocumentView_cantReadCaption,Core_Unable_to_read_file,
Kann Datei nicht lesen,ExterneDokumente_could_not_read_File,Core_Unable_to_read_file,
Kann Datei nicht lesen,HL7_CannotReadFile,Core_Unable_to_read_file,
Kapitel,DetailDisplay_chapter,Core_Chapter,
Kapitel,TarmedImporter_chapter,Core_Chapter,
Kategorie für Dokumentablage,MedicsPreferencePage_labelDocumentCategory,Core_Document_Category,
Kategorie für Dokumentablage,Preferences_DocumentCategory,Core_Document_Category,
Kategorie löschen,AccessControlDefaults_documentsDeleteCat,Core_Delete_Document_Category,
Kategorie löschen,DocumentMetaDataDialog_deleteCategory,Core_Delete_Document_Category,
Kein Fall ausgewählt,AUF2_noCaseSelected,Core_No_case_selected,
Kein Fall ausgewählt,FallDetailBlatt2_NoCaseSelected,Core_No_case_selected,
Kein Fall ausgewählt,Info_NoCase_Title,Core_No_case_selected,
Kein Fall ausgewählt,KonsListe_NoCaseSelectedCaption,Core_No_case_selected,
Kein Fall ausgewählt,RezepteView_noCaseSelected,Core_No_case_selected,
Kein Fall ausgewählt,TextView_noCaseSelected,Core_No_case_selected,
Kein Kontakt ausgewählt,ContactLinkRecordEditDialog_NoContact,Core_No_contact_selected,
Kein Kontakt ausgewählt,Info_NoContact_Title,Core_No_contact_selected,
Kein Patient ausgewählt,AUF2_NoPatientSelected,Core_No_patient_selected,
Kein Patient ausgewählt,Bild_NoPatientSelected,Core_No_patient_selected,
Kein Patient ausgewählt,BriefAuswahlNoPatientSelected,Core_No_patient_selected,
Kein Patient ausgewählt,CstCategory_nopatientselected,Core_No_patient_selected,
Kein Patient ausgewählt,DocHandle_noPatientSelected,Core_No_patient_selected,
Kein Patient ausgewählt,DocHandle_noPatientSelectedCaption,Core_No_patient_selected,
Kein Patient ausgewählt,EditFindingDialog_noPatientSelected,Core_No_patient_selected,
Kein Patient ausgewählt,EditReminderDialog_noPatientSelected,Core_No_patient_selected,
Kein Patient ausgewählt,ExterneDokumente_no_patient_found,Core_No_patient_selected,
Kein Patient ausgewählt,FallListeView_NoPatientSelected,Core_No_patient_selected,
Kein Patient ausgewählt,FindingsView_noPatientSelected,Core_No_patient_selected,
Kein Patient ausgewählt,HistoryDisplay_NoPatientSelected,Core_No_patient_selected,
Kein Patient ausgewählt,Info_NoPatient_Title,Core_No_patient_selected,
Kein Patient ausgewählt,LaborOrdersComposite_NoPatientSelected,Core_No_patient_selected,
Kein Patient ausgewählt,LaborView_NoPatientSelected,Core_No_patient_selected,
Kein Patient ausgewählt,MesswerteView_noPatSelected,Core_No_patient_selected,
Kein Patient ausgewählt,OmnivoreView_noPatientCaption,Core_No_patient_selected,
Kein Patient ausgewählt,Overview_noPatient,Core_No_patient_selected,
Kein Patient ausgewählt,Patientenblatt2_noPatientSelected,Core_No_patient_selected,
Kein Patient ausgewählt,StickyNotesView_NoPatientSelected,Core_No_patient_selected,
Kein Patient ausgewählt,TerminDialog_noPatSelected,Core_No_patient_selected,
Kein Patient ausgewählt,TerminListView_noPatientSelected,Core_No_patient_selected,
Kein Patient ausgewählt,VerrDetailDialog_NoPatientSelected,Core_No_patient_selected,
Kein Patient ausgewählt,VerrechnungsStatistikView_NoPatientSelected,Core_No_patient_selected,
Kein Patient ausgewählt!,AfinionAS100Action_NoPatientSelectedMsg,Core_No_patient_selected_exlamation,
Kein Patient ausgewählt!,Handler_errorTitleNoPatientSelected,Core_No_patient_selected_exlamation,
Kein Patient ausgewählt!,LabOrderAction_errorTitleNoPatientSelected,Core_No_patient_selected_exlamation,
Kein Patient ausgewählt!,ReflotronSprintAction_NoPatientMsg,Core_No_patient_selected_exlamation,
Kein Patient ausgewählt!,SysmexAction_NoPatientMsg,Core_No_patient_selected_exlamation,
Kein Patient ausgewählt.,AccountView_NoPatientSelected,Core_No_patient_selected_point,
Kein Patient ausgewählt.,BillSummary_NoPatientSelected,Core_No_patient_selected_point,
Keine Daten vorhanden,DefaultContentProvider_noData,Core_No_data_available,
Keine Daten vorhanden,NoDataAvailable,Core_No_data_available,
Keine Eingabe,AfinionAS100Action_NoPatientInfo,Core_No_Patient_Info,
Keine Eingabe,ReflotronSprintAction_NoPatientInfo,Core_No_Patient_Info,
"Klicken sie diese Checkbox an, wenn sie ein dreidimensionales Diagramm erstellen wollen.",CHART_WIZARD_BAR_CHART_TEXT_3D_TOOLTIP,Chart_wizard_text_3d_tooltip,
"Klicken sie diese Checkbox an, wenn sie ein dreidimensionales Diagramm erstellen wollen.",CHART_WIZARD_PIE_CHART_TEXT_3D_TOOLTIP,Chart_wizard_text_3d_tooltip,
Konfiguration,MediportClientSetsPrefPage_lbl_title_config,Core_Configuration,
Konfiguration,StockManagementPreferencePage_lblMachineConfig_text,Core_Configuration,
Konfiguration nicht gefunden,UserPreferences_ConfigNotFound,Core_Configuration_not_found,
Konfiguration nicht gefunden,UserPreferences_KonfigNotFound,Core_Configuration_not_found,
Konnte Datei nicht starten,DocHandle_execErrorCaption,Core_Unable_to_start_file,
Konnte Datei nicht starten,DocHandle_runErrorHeading,Core_Unable_to_start_file,
Konnte Datei nicht starten,ExternalLink_CouldNotStartFile,Core_Unable_to_start_file,
Konnte Datei nicht starten,InboxView_couldNotStart,Core_Unable_to_start_file,
Konnte Datei nicht starten,NotesDetail_couldNotLaunch,Core_Unable_to_start_file,
Konnte Datei {0} nicht schreiben,ICalTransfer_couldNotWriteFile,Core_Unable_to_start_file_0,
Konnte Datei {0} nicht schreiben,XMLExporter_CouldNotWriteFile,Core_Unable_to_start_file_0,
Konnte das Dokument nicht aus der Datenbank laden,DocHandle_couldNotLoadError,Core_Unable_to_load_file_from_database,
Konnte das Dokument nicht aus der Datenbank laden,DocHandle_loadErrorText,Core_Unable_to_load_file_from_database,
Konnte seriellen Port nicht öffnen,AbacusJuniorAction_RS232_Error_Text,Core_Unable_to_open_com_port,
Konnte seriellen Port nicht öffnen,AfinionAS100Action_RS232_Error_Text,Core_Unable_to_open_com_port,
Konnte seriellen Port nicht öffnen,ReflotronSprintAction_RS232_Error_Text,Core_Unable_to_open_com_port,
Konnte seriellen Port nicht öffnen,SysmexAction_RS232_Error_Text,Core_Unable_to_open_com_port,
Konsultation,AccessControlDefaults_consultation,Core_Consultation,
Konsultation,PatHeuteView_consultation,Core_Consultation,
Konsultation,SearchView_consultation,Core_Consultation,
Konsultation,Stickers_consultation,Core_Consultation,
Konsultationen,CONSULTATIONS,Core_Consultations,
Konsultationen,CONSULTATION_STATS_NUMBER_OF_CONSULTATIONS,Core_Consultations,
Konsultationen,CONSULTATION_STATS_TITLE,Core_Consultations,
Konsultationen,PatHeuteView_consultations,Core_Consultations,
Konsultationen,RechnungsBlatt_consultations,Core_Consultations,
Konsultationen,SearchView_consultations,Core_Consultations,
Kontakt,AccessControlDefaults_contact,Core_Contact,
Kontakt,ContactLinkPreferences_ContactLabel,Core_Contact,
Kontakt,ContactLinkRecordEditDialog_labelContact,Core_Contact,
Kontakt,SerienTerminDialog_txtContact_message,Core_Contact,
"Kontakt Suche nach Vorname, Nachname, Geburtsdatum, PatientenNr\noder Freitext Eingabe für Termine ohne Kontakt",AppointmentDetailComposite_search_contact_via_fields,Core_Search_Contact_by_name_etc,
"Kontakt Suche nach Vorname, Nachname, Geburtsdatum, PatientenNr\noder Freitext Eingabe für Termine ohne Kontakt",AppointmentDetailComposite_search_contact_via_fields_hover,Core_Search_Contact_by_name_etc,
Kontakte,KontaktImporter_Title,Core_Contacts,
Kontakte,XChangeContainer_kontakte,Core_Contacts,
Konto,AccountView_accountColumn,Core_Account,
Konto,Patientenblatt2_balance,Core_Account,
Kopieren,DauerMediView_copy,Core_Copy,
Kopieren,FixMediDisplay_Copy,Core_Copy,
Kosten,CONSULTATION_TIME_STATS_HEADING_SPENDING,Core_Costs,
Kosten,PATIENTS_PROFITS_HEADING_COSTS,Core_Costs,
Kosten,SERVICES_HEADING_COSTS,Core_Costs,
Kostenträger,FallDetailBlatt2_Guarantor,Core_Costbearer,
Kostenträger,Presets_Insurance,Core_Costbearer,
Kostenträger,TarmedRequirements_KostentraegerName,Core_Costbearer,
Krankheit,FallListeView_Illness,Core_Illness,
Krankheit,Fall_Disease,Core_Illness,
Krankheit,KonsListe_Illness,Core_Illness,
Krankheit,NeuerFallDialog_1,Core_Illness,
Krankheit,PreferenceConstants_illness,Core_Illness,
Kuerzel,KontaktSelector_abbreviation,Core_Kuerzel,Kürzel??
Kuerzel,KontakteView_shortLabel,Core_Kuerzel,
Labor,AccessControlDefaults_GroupAdminLaboratory,Core_Laboratory,
Labor,DefaultPDFImportStrategy_Lab,Core_Laboratory,
Labor,EditLabResultDialog_labelLab,Core_Laboratory,
Labor,KontaktBlatt_Laboratory,Core_Laboratory,
Labor,KontaktErfassenDialog_labor,Core_Laboratory,
Labor,LaborMappingComposite_columnLabor,Core_Laboratory,
Labor,LaborPrefs_lab,Core_Laboratory,
Labor Auswahl,LabImporterUtil_Select,Core_Laboratory_Selection,
Labor Auswahl,LaborMappingComposite_labelSelektorTitle,Core_Laboratory_Selection,
Labor Verordnen,LaborVerordnungDialog_shellTitle,Core_prescribe_Laboratory,
Labor Verordnen,LaborVerordnungDialog_title,Core_prescribe_Laboratory,
Labor Verordnen,LaborView_newDate,Core_prescribe_Laboratory,
Labor Viollier,LabOrderImport_titleImport,Labor_Viollier_Name,
Labor Viollier,PatientLabor_nameViollierLabor,Labor_Viollier_Name,
Labor Zuordnung importieren,ImportLabMapping_shellTitle,Core_Import_Laboratory_Assignment,
Labor Zuordnung importieren,ImportLabMapping_title,Core_Import_Laboratory_Assignment,
Labor auswählen,LabImporterUtil_SelectLab,Core_Select_Laboratory,
Labor auswählen,LaborMappingComposite_labelSelektorMessage,Core_Select_Laboratory,
Labor auswählen,LaborSelectionComposite_title,Core_Select_Laboratory,
Labordokumente,LaborResultsComposite_Documents,Core_Laboratory_Document,
Labordokumente,LaborView_Documents,Core_Laboratory_Document,
Laborleiter,KontaktBlatt_LabAdmin,Core_Laboratory_Admin,
Laborleiter,KontaktErfassenDialog_laborleiter,Core_Laboratory_Admin,
Laborparameter,EditLabItem_shellTitle,Core_Laboratory_parameter,
Laborparameter,LaborPrefs_labParam,Core_Laboratory_parameter,
Laborparameter,LaborPrefs_labParams,Core_Laboratory_parameter,
Laborparameter vereinen,AccessControlDefaults_mergeLabItems,Core_Merge_laboratory_parameters,
Laborparameter vereinen,LaborPrefs_labMergeParams,Core_Merge_laboratory_parameters,
Laborparameter vereinen,MergeLabItemDialog_title,Core_Merge_laboratory_parameters,
Lade Daten...,AccountListView_loadingData,Core_Load_Files_ellipsis,
Lade Daten...,PatListeContentProvider_LoadingData,Core_Load_Files_ellipsis,
Lade Daten...,PersistentObjectLoader_LoadingData,Core_Load_Files_ellipsis,
Lade Daten...,TreeContentProvider_loadData,Core_Load_Files_ellipsis,
Lade ESR,ESRView2_loadingESR,Core_Load_ESR,
Lade ESR,ESRView_loadESR,Core_Load_ESR,
Lade Konsultationen,HistoryLoader_LoadKonsMessage,Core_Load_Consultations,
Lade Konsultationen,PatHeuteView_loadConsultations,Core_Load_Consultations,
Lade Konsultationen,PatHeuteView_loadKons,Core_Load_Consultations,
Lager,LagerView_stock,Core_Stock,
Lager,ch.elexis.core.application:elexis.stocksView,Core_Stock,
Lagerverwaltung,EigenartikelComposite_stockGroup_text,Core_Inventory_control,
Lagerverwaltung,LagerverwaltungPrefs_storageManagement,Core_Inventory_control,
Leistungen,AccessControlDefaults_services,Core_Services,
Leistungen,BlockDetailDisplay_services,Core_Services,
Leistungen,SERVICES_TITLE,Core_Services,
Leistungscode-System,Leistungscodes_billingSystem,Core_Services_Code_System,
Leistungscode-System,Leistungscodes_billingSystemLabel,Core_Services_Code_System,
Lesefehler,ICalTransfer_readError,Core_Read_Error,
Lesefehler,XMLExporter_ReadErrorCaption,Core_Read_Error,
Lieferant,Artikeldetail_lieferant,Core_Article_provider,
Lieferant,BestellView_Dealer,Core_Article_provider,
Lieferant,EigenartikelDisplay_dealer,Core_Article_provider,
Lieferant,LagerView_dealer,Core_Article_provider,
Links,AllSlotsDisplay_left,Core_Left,
Links,TICode_left,Core_Left,
Liste drucken,KonsZumVerrechnenView_printListCaption,Core_Print_List,
Liste drucken,KonsZumVerrechnenView_printToolTip,Core_Print_List,
Liste drucken,PatHeuteView_printList,Core_Print_List,
Liste drucken,RnActions_printListAction,Core_Print_List,
Liste drucken,RnActions_printListCaption,Core_Print_List,
Liste filtern,PatientenListeView_FilteList,Core_Filter_List,
Liste filtern,PatientenListeView_FilterList,Core_Filter_List,
Liste filtern,RnActions_filterListAction,Core_Filter_List,
Liste neu einlesen,KonsZumVerrechnenView2_refreshList,Core_Reread_List,
Liste neu einlesen,PatHeuteView_reloadToolTip,Core_Reread_List,
Liste neu einlesen,RnActions_reloadTooltip,Core_Reread_List,
Liste...,FixMediDisplay_UsageList,Core_List_ellipsis,
Liste...,Leistungscodes_listHL,Core_List_ellipsis,
Löschen bestätigen,ArtikelContextMenu_deleteActionConfirmCaption,Core_Confirm_delete,
Löschen bestätigen,EigenleistungContextMenu_deleteActionConfirmCaption,Core_Confirm_delete,
Löschen...,AUF2_delete,Core_Delete_ellipsis,
Löschen...,ImageSlot_delete,Core_Delete_ellipsis,
Löschen...,Leistungscodes_delete,Core_Delete_ellipsis,
Löschen...,NotesDetail_deleteActionCaption,Core_Delete_ellipsis,
Löschen...,NotesView_deleteActionCaption,Core_Delete_ellipsis,
Löscht CST Gruppe vom Profil,Cst_Text_delete_cstgroup_from_profile,CST_delete_group_from_profile,
Löscht CST Gruppe vom Profil,Cst_Text_delete_cstgroup_from_profile_tooltip,CST_delete_group_from_profile,
Mahnungen-Automatik,RechnungsListeView_dunningAutomatics,Invoice_reminder_automatism,
Mahnungen-Automatik,RnActions_remindersAction,Invoice_reminder_automatism,
Mandant,AccessControlDefaults_mandator,Core_Mandator,
Mandant,AlleLeistungen_Mandator,Core_Mandator,
Mandant,KontaktBlatt_Mandator,Core_Mandator,
Mandant,KontaktErfassenDialog_mandant,Core_Mandator,
Mandant,StringConstants_mandator,Core_Mandator,
Mandant,TextContainer_Mandator,Core_Mandator,
Mandant auswählen,GenericSearchSelectionDialog,Core_Select_Mandator,
Mandant auswählen,GenericSearchSelectionDialog_MandatorSelection,Core_Select_Mandator,
Mandant auswählen,KonsDetailView_SelectMandatorCaption,Core_Select_Mandator,
Massstab einstellen,AgendaParallel_setZoomFactor,Core_Select_Zoom_Factor,
Massstab einstellen,AgendaWeek_setZoomFactor,Core_Select_Zoom_Factor,
Max. Pckg. an Lager,Artikeldetail_maxbestand,Core_Stock_Max_Articles_per_item,
Max. Pckg. an Lager,EigenartikelDisplay_maxOnStock,Core_Stock_Max_Articles_per_item,
Medics Seite kann nicht angezeigt werden,LabOrderAction_errorTitleCannotShowURL,Medics_Page_Cannot_be_displayed,
Medics Seite kann nicht angezeigt werden,MedicsBrowserView_errorOpeningBrowserURL,Medics_Page_Cannot_be_displayed,
Messung bearbeiten,MessungBearbeiten_EditMessung,Core_edit_measurement,
Messung bearbeiten,MessungenUebersicht_action_edit,Core_edit_measurement,
Mi,Tageseinteilung_we,Core_Wednesday_Short,
Mi,TimeTool_we,Core_Wednesday_Short,
Min. Pckg. an Lager,Artikeldetail_minbestand,Core_Stock_Min_Articles_per_item,
Min. Pckg. an Lager,EigenartikelDisplay_minOnStock,Core_Stock_Min_Articles_per_item,
Mittag,MediDetailDialog_lunch,Core_Midday,
Mittag,Medication_Dose_Midday,Core_Midday,
Mittwoch,SerienTermin_wednesday,Core_Wednesday,
Mittwoch,TimeTool_wednesday,Core_Wednesday,
Mo,Tageseinteilung_mo,Core_Monday_Short,
Mo,TimeTool_mo,Core_Monday_Short,
Mobil,KontaktBlatt_MobilePhone,Core_Mobilphone,
Mobil,Patientenblatt2_mobile,Core_Mobilphone,
Monatstag,MonthlySeriesComposite_lblAtThe_text,Core_Day_of_month,
Monatstag,YearlySeriesComposite_lblAtThe_text,Core_Day_of_month,
Montag,SerienTermin_monday,Core_Monday,
Montag,TimeTool_monday,Core_Monday,
Multiplikator,Leistungscodes_multiplier,Core_Multiplicator,
Multiplikator,Leistungscodes_multiplierLabel,Core_Multiplicator,
Möchten Sie {0} wirklich löschen?,DocumentView_reallyDeleteContents,Core_Really_delete_0,
Möchten Sie {0} wirklich löschen?,OmnivoreView_reallyDeleteContents,Core_Really_delete_0,
Möchten Sie {0} wirklich löschen?,OmnivoreView_reallyDeleteTExt,Core_Really_delete_0,
NIF,KontaktExtInfo_NIF,Core_NIF,
NIF,TarmedRequirements_NifName,Core_NIF,
Nach CSV exportieren,LagerView_exportAction,Core_export_to_csv,
Nach CSV exportieren,VerrechnungsStatistikView_ExportToCSV,Core_export_to_csv,
Nachricht,DocboxArztArztDialog_Message,Core_Message,
Nachricht,DocboxArztArztDialog_TextMessage,Core_Message,
Name,AccountListView_name,Core_Name,
Name,AssignStickerDialog_StickerName,Core_Name,
Name,BestellBlatt_Name,Core_Name,
Name,BlockDetailDisplay_name,Core_Name,
Name,CstCategory_name,Core_Name,
Name,CstLaborPrefs_name,Core_Name,
Name,CstProfile_name,Core_Name,
Name,DetailDisplay_name,Core_Name,
Name,ErsterMandantDialog_Lastname,Core_Name,
Name,ImpfplanPreferences_nameDummy,Core_Name,
Name,KontaktBlatt_LastName,Core_Name,
Name,KontaktDetailDialog_labelName,Core_Name,
Name,KontaktErfassenDialog_name,Core_Name,
Name,LaborPrefs_name,Core_Name,
Name,LagerView_name,Core_Name,
Name,Leistungscodes_nameLabel,Core_Name,
Name,Leistungscodes_nameOfBillingSystem,Core_Name,
Name,PRESCRIPTIONS_OVERVIEW_HEADING_NAME,Core_Name,
Name,PatientErfassenDialog_Name,Core_Name,
Name,PatientenListeView_PatientName,Core_Name,
Name,Patientenblatt2_name,Core_Name,
Name,RnSucheDialog_name,Core_Name,
Name,UserSettings2_PatientName,Core_Name,
Name,VerifierDialog_name,Core_Name,
Name,Verifier_NameHeading,Core_Name,
Name,WebLinkEditor_0,Core_Name,
Nein,KonsDetailView_No,Corr_No,
Nein,MediPortAbstractPrefPage_lbl_Nein,Corr_No,
Nein,MesswertTypBool_No,Corr_No,
Nein,QueryOverwriteDialog_NO,Corr_No,
Nein,RnDialogs_no,Corr_No,
Nein,RnPrintView_no,Corr_No,
Nein,Termin_no,Corr_No,
Nein,USER_OVERVIEW_NO,Corr_No,
Neu einlesen,InboxView_reload,Core_Reload,
Neu einlesen,KonsZumVerrechnenView_reloadAction,Core_Reload,
Neu einlesen,PatHeuteView_reloadAction,Core_Reload,
Neu einlesen,RnActions_reloadAction,Core_Reload,
Neu einlesen,VerrechnungsStatistikView_REFRESH,Core_Reload,
Neu...,AUF2_new,Core_New_ellipsis,
Neu...,ArtikelContextMenu_newAction,Core_New_ellipsis,
Neu...,BriefAuswahlNewButtonText,Core_New_ellipsis,
Neu...,LabGroupPrefs_new,Core_New_ellipsis,
Neu...,Leistungscodes_new,Core_New_ellipsis,
Neu...,NotesDetail_newActionCaption,Core_New_ellipsis,
Neu...,ReminderView_newReminderAction,Core_New_ellipsis,
Neue Kategorie,DocumentMetaDataDialog_newCategory,Core_New_Category,
Neue Kategorie,FileImportDialog_newCategoryCaption,Core_New_Category,
Neue Kategorie,NotesView_newCategory,Core_New_Category,
Neue Konsultation erstellen,GlobalActions_NewKonsToolTip,Core_Create_new_consultation,
Neue Konsultation erstellen,KonsListe_CreateNewConsultation,Core_Create_new_consultation,
Neuen Laborparameter eingeben,EditLabItem_title,Core_Enter_new_laboratory_parameter,
Neuen Laborparameter eingeben,LaborPrefs_enterNewLabParam,Core_Enter_new_laboratory_parameter,
Neuer Fall,FallListeView_NewCase,Core_New_Case,
Neuer Fall,GlobalActions_NewCase,Core_New_Case,
Neuer Fall,NeuerFallDialog_newCase,Core_New_Case,
Neues Fenster,AgendaGross_newWindow,Core_New_Window,
Neues Fenster,FieldDisplayView_NewWindow,Core_New_Window,
Neues Fenster,TagesView_newWindow,Core_New_Window,
New Button,InvoiceListHeaderComposite_btnNewButton_text,Core_New_Button,
New Button,RemindersComposite_btnNewButton_text,Core_New_Button,
New Label,EigenartikelComposite_lblNewLabel_text,Core_New_Label,
New Label,InvoiceListHeaderComposite_lblNewLabel_text,Core_New_Label,
Normal,CstProfileEditor_Normal,Core_Normal,
Normal,LabSettings_normal,Core_Normal,
Normal,RechnungsPrefs_normal,Core_Normal,
Normal,ReminderDetailDialog_btnPriorityMedium_text,Core_Normal,
Normal,Termin_normal,Core_Normal,
Nummer,BillSummary_number,Core_Number,
Nummer,Number,Core_Number,
Nummer,RnSucheDialog_number,Core_Number,
Offen,BillSummary_open,Core_Is_Open,
Offen,EditReminderDialog_open,Core_Is_Open,
Offen,InvoiceState_OPEN,Core_Is_Open,
Offen,OPEN,Core_Is_Open,
Offen,ProcessStatus_OPEN,Core_Is_Open,
Offen,ReminderDetailDialog_btnOpen_text,Core_Is_Open,
Offen,RnControlFieldProvider_open,Core_Is_Open,
Offen & gedruckt,InvoiceState_OPEN_AND_PRINTED,Invoice_Open_and_printed,
Offen & gedruckt,RnControlFieldProvider_openAndPrinted,Invoice_Open_and_printed,
Offener Betrag,OffenePostenListe_OpenAmount,Invoice_amount_due,
Offener Betrag,RechnungsListeView_sumInList,Invoice_amount_due,
Organisation,KontaktBlatt_Organization,Core_Organisation,
Organisation,KontaktDetailDialog_textOrganization,Core_Organisation,
Organisation,KontaktErfassenDialog_organization,Core_Organisation,
Papierformat,GeneralPreferences_PaperFormat,Core_Paper_Size,
Papierformat,TemplatePreferences_PaperFormat_Label,Core_Paper_Size,
Parameter,KontaktExtDialog_parameter,Core_Parameter,
Parameter,LabNotSeenView_parameter,Core_Parameter,
Parameter,LaborOrdersComposite_columnParameter,Core_Parameter,
Parameter,LaborResultsComposite_columnParameter,Core_Parameter,
Parameter,LaborView_parameter,Core_Parameter,
Parameter,MediportClientSetsPrefPage_lbl_title_Parameter,Core_Parameter,
Parameter,MediportOutputter_lbl_Parameter,Core_Parameter,
Passwort,AnwenderPref_passwort,Core_Password,
Passwort,DBConnectWizardPage_lblPasswort_text,Core_Password,
Passwort,ErsterMandantDialog_Password,Core_Password,
Passwort,LoginDialog_1,Core_Password,
Passwort,Mandanten_password,Core_Password,
Passwort,Preferences_Password,Core_Password,
Passwort,UserDocboxPreferences_Password,Core_Password,
Patient,DefaultPDFImportStrategy_Patient,Core_Patient,
Patient,DocboxArztArztDialog_TextPatient,Core_Patient,
Patient,DocboxDocumentsView_Patient,Core_Patient,
Patient,ESRRecordDialog_patient,Core_Patient,
Patient,ESRView2_patient,Core_Patient,
Patient,FakturaJournalDetail_Patient,Core_Patient,
Patient,InvoiceListView_tblclmnPatient_text,Core_Patient,
Patient,KontaktBlatt_Patient,Core_Patient,
Patient,KontaktErfassenDialog_patient,Core_Patient,
Patient,LabNotSeenView_patient,Core_Patient,
Patient,LocalDocumentsDialog_patient,Core_Patient,
Patient,RelationshipType_WELFARE_PATIENT,Core_Patient,
Patient,Stickers_patient,Core_Patient,
Patient auswählen,AbacusJuniorAction_Patient_Title,Core_Select_Patient,
Patient auswählen,AfinionAS100Action_Patient_Title,Core_Select_Patient,
Patient auswählen,DocumentImporter_SelectPatient,Core_Select_Patient,
Patient auswählen,ESRRecordDialog_selectPatient,Core_Select_Patient,
Patient auswählen,HL7_SelectPatient,Core_Select_Patient,
Patient auswählen,LabOrderImport_SelectPatient,Core_Select_Patient,
Patient auswählen,ReflotronSprintAction_Patient_Title,Core_Select_Patient,
Patient auswählen,RnControlFieldProvider_selectPatientCaption,Core_Select_Patient,
Patient auswählen,SysmexAction_Patient_Title,Core_Select_Patient,
Patient-Nr,ListeNachFaelligkeit_PatientNr,Core_Patient_Number,
Patient-Nr,OffenePostenListe_PatientNr,Core_Patient_Number,
Patient-Nr,UserSettings2_PatientNr,Core_Patient_Number,
Patient-Nr,ZahlungsJournal_PatientNr,Core_Patient_Number,
Patient: ,AfinionAS100Action_PatientHeaderString,Core_Patient_ellipsis,
Patient: ,ReflotronSprintAction_PatientHeaderString,Core_Patient_ellipsis,
Patient: ,ResponseAnalyzer_Patient,Core_Patient_ellipsis,
Patient: ,SysmexAction_PatientHeaderString,Core_Patient_ellipsis,
Patienten,PATIENTS,Core_Patients,
Patienten,PATIENTS_PROFITS_HEADING_PATIENT,Core_Patients,
Patienten-Etikette drucken,GlobalActions_PrintLabel,Core_Print_Patient_Label,
Patienten-Etikette drucken,GlobalActions_PrintLabelToolTip,Core_Print_Patient_Label,
Patienten-Termine drucken,BaseAgendaView_printPatAppointments,Core_Print_Patient_Appointments,
Patienten-Termine drucken,BaseView_printAppointments,Core_Print_Patient_Appointments,
Patientendetails,PatientDetailView2_patientDetailViewName,Core_Patientdetails,
Patientendetails,RnActions_patientDetailsAction,Core_Patientdetails,
Person,KontaktBlatt_Person,Core_Person,
Person,KontaktDetailDialog_textPerson,Core_Person,
Person,KontaktErfassenDialog_person,Core_Person,
Perspektiven,ApplicationActionBarAdvisor_7,Core_Perspectives,
Perspektiven,SidebarPreferences_Perspectives,Core_Perspectives,
Pharmacode,Artikeldetail_Pharmacode,Core_Phamacode,
Pharmacode,BestellBlatt_Pharmacode,Core_Phamacode,
Pharmacode,EigenartikelDisplay_Pharmacode,Core_Phamacode,
Pharmacode,LagerView_pharmacode,Core_Phamacode,
Plz,AnschriftEingabeDialog_zip,Core_Postal_code,
Plz,ErsterMandantDialog_zip,Core_Postal_code,
Plz,KontaktBlatt_Zip,Core_Postal_code,
Plz,KontaktDetailDialog_labelZip,Core_Postal_code,
Plz,KontakteView_zip,Core_Postal_code,
Plz,PatientErfassenDialog_zip,Core_Postal_code,
Plz,WeisseSeitenSearchView_header_Plz,Core_Postal_code,
Postanschrift,AnschriftEingabeDialog_postalAddress,Core_Postal_Address,
Postanschrift,KontaktErfassenDialog_postanschrift,Core_Postal_Address,
Postfach,KontaktExtInfo_Postfach,Core_Post_Office_Box,
Postfach,KontaktExtInfo_Postfach_tooltip,Core_Post_Office_Box,
Postfach,RechnungsPrefs_POBox,Core_Post_Office_Box,
Postkonto,RechnungsPrefs_POAccount,Core_Postkonto,
Postkonto,RechnungsPrefs_postAccount,Core_Postkonto,
Praxis,TagesView_14,Core_Practice,
Praxis,TagesView_praxis,Core_Practice,
Praxis,Tageseinteilung_praxis,Core_Practice,
Praxis,Zeitvorgaben_praxis,Core_Practice,
Preis,Display_Column_Price,Core_Price,
Preis,MiGelDetailDisplay_Price,Core_Price,
Priorität,StockManagementPreferencePage_lblPrio_text,Core_Priority,
Priorität,StockManagementPreferencePage_tblclmnNewColumn_text,Core_Priority,
Produktname,EigenartikelComposite_lblProductName_text,Core_Productname,
Produktname,EigenartikelDisplay_productName,Core_Productname,
Querverweis löschen,NotesDetail_deleteActionToolTip,Core_Delete_Cross_Reference,
Querverweis löschen,NotesDetail_deleteConfirmCaption,Core_Delete_Cross_Reference,
Rechnung ausgeben,RnOutputDialog_outputBillCaption,Core_Output_Invoice,
Rechnung ausgeben,RnOutputDialog_outputBillTitle,Core_Output_Invoice,
Rechnungen,AccessControlDefaults_Bills,Core_Invoices,
Rechnungen,AccessControlDefaults_bills,Core_Invoices,
Rechnungen,INVOICES,Core_Invoices,
Rechnungen,KonsZumVerrechnenView_billsTitle,Core_Invoices,
Rechnungen,RnActions_bills,Core_Invoices,
Rechnungen erstellen,KonsZumVerrechnenView2_createInvoicesAction,Core_Create_Invoices,
Rechnungen erstellen,KonsZumVerrechnenView_createInvoices,Core_Create_Invoices,
Rechnungen erstellen,KonsZumVerrechnenWizardDialog_createBills,Core_Create_Invoices,
Rechnungsempfänger,BillSummary_receiver,Core_Invoice_Receiver,
Rechnungsempfänger,FallDetailBlatt2_BillAdressee,Core_Invoice_Receiver,
Rechnungsliste,KonsZumVerrechnenView_billsList,Core_Invoice_List,
Rechnungsliste,RnActions_billsList,Core_Invoice_List,
Rechnungsliste,RnFilterDialog_billsList,Core_Invoice_List,
Rechnungsstatus,InvoiceListView_tblclmnInvoiceState_text,Core_Invoicestate,
Rechnungsstatus,RechnungsBlatt_billState,Core_Invoicestate,
Rechnungssteller,AlleLeistungen_InvoicingParty,Core_Invoicingparty,
Rechnungssteller,FakturaJournalDetail_Rechnungssteller,Core_Invoicingparty,
Rechnungssteller,Mandanten_biller,Core_Invoicingparty,
Rechnungstotal,InvoiceListHeaderComposite_txtRgTotal,Core_Invoice_total_amount,
Rechnungstotal,InvoiceListView_tblclmnTotalAmount_text,Core_Invoice_total_amount,
Rechts,AllSlotsDisplay_right,Core_Direction_Right,
Rechts,TICode_right,Core_Direction_Right,
Referenz,LaborResultsComposite_columnReference,Core_Reference,
Referenz,LaborView_reference,Core_Reference,
Referenz M,CstLaborPrefs_refM,Core_Reference_Male,
Referenz M,EditLabItem_labelRefMale,Core_Reference_Male,
Referenz M,LaborPrefs_46,Core_Reference_Male,
Referenz M,LaborPrefs_refM,Core_Reference_Male,
Referenz W,CstLaborPrefs_refF,Core_Reference_Male,
Referenz W,EditLabItem_labelRefFemale,Core_Reference_female,
Referenz W,LaborPrefs_47,Core_Reference_female,
Referenz W,LaborPrefs_refF,Core_Reference_female,
Reflotron,ReflotronSprintAction_ButtonName,Reflotron_Name,
Reflotron,ReflotronSprintAction_DeviceName,Reflotron_Name,
Resultat der Probe zu klein!,Reflotron_Probe_ResultatMsg,Core_Probe_Value_too_small,
Resultat der Probe zu klein!,Sysmex_Probe_ResultatMsg,Core_Probe_Value_too_small,
Rezept,Medication_Recipe,Core_Prescription,
Rezept,RezeptBlatt_TemplateNamePrescription,Core_Prescription,
Rolle,KontaktExtInfo_Rolle,Core_Role,
Rolle,KontaktExtInfo_Rolle_tooltip,Core_Role,
Rolle,StringConstants_role,Core_Role,
Rollen,StringConstants_roles,Core_Roles,
Sa,Tageseinteilung_sa,Core_Saturday_Short,
Sa,TimeTool_sa,Core_Saturday_Short,
Samstag,SerienTermin_saturday,Core_Saturday,
Samstag,TimeTool_saturday,Core_Saturday,
Schriftarten,FontPreference_schriftarten,Core_Fonts,
Script ausführen,ScriptView_executeScriptAction,Core_Execute_Script,
Script ausführen,ScriptView_executeScriptTooltip,Core_Execute_Script,
Script bearbeiten,ScriptView_editScriptAction,Core_Edit_Script,
Script bearbeiten,ScriptView_editScriptTooltip,Core_Edit_Script,
Senden,BBSView_DoSend,Core_DoSend,
Senden,MsgDetailDialog_send,Core_DoSend,
Sender,DocboxDocumentsView_Sender,Core_Sender,
Sender,MediportMainPrefPage_mediport_Sender,Core_Sender,
Sequenz innerhalb der Gruppe für Laborblatt (beliebiger Text oder Zahl,EditLabItem_labelGroupPosition,Core_Sequence_inside_group,
Sequenz innerhalb der Gruppe für Laborblatt (beliebiger Text oder Zahl,LaborPrefs_52,Core_Sequence_inside_group,
Sequenz-Nr.,EditLabItem_labelGroupSequence,Core_Sequence_number,
Sequenz-Nr.,LaborPrefs_51,Core_Sequence_number,
Sie sind nicht angemeldet.,ApplicationWorkbenchAdvisor_8,Core_Not_logged_in,
Sie sind nicht angemeldet.,LoginDialog_notLoggedIn,Core_Not_logged_in,
So,Tageseinteilung_so,Core_Sunday_Short,
So,Tageseinteilung_su,Core_Sunday_Short,
So,TimeTool_su,Core_Sunday_Short,
Sonntag,SerienTermin_sunday,Core_Sunday,
Sonntag,TimeTool_sunday,Core_Sunday,
Sortierung,CstLaborPrefs_sortmode,Core_Sortmode,
Sortierung,LaborPrefs_sortmode,Core_Sortmode,
Sortierung,MedicationComposite_lblNewLabel_text_1,Core_Sortmode,
Stammarzt,AlleLeistungen_Doctor,Core_RegularPhysiscion,
Stammarzt,Patientenblatt2_regularPhysician,Core_RegularPhysiscion,
Stichwörter,DocumentView_keywordsColumn,Core_Keywords,
Stichwörter,FileImportDialog_keywordsLabel,Core_Keywords,
Stichwörter,OmnivoreView_keywordColumn,Core_Keywords,
Stichwörter,OmnivoreView_keywordsColumn,Core_Keywords,
Stichwörter,OmnivoreView_searchKeywordsLabel,Core_Keywords,
Sticker...,PatListFilterBox_Sticker,Core_Sticker_ellipsis,
Sticker...,PatientMenuPopulator_StickerAction,Core_Sticker_ellipsis,
Stoppen,FixMediDisplay_Stop,Core_DoStop,
Stoppen,MedicationComposite_btnStop,Core_DoStop,
Storniert,InvoiceState_CANCELLED,Core_Cancelled,
Storniert,RnControlFieldProvider_storno,Core_Cancelled,
Stück pro Abgabe,Artikeldetail_stueckProAbgabe,Core_Pieces_by_dose,
Stück pro Abgabe,EigenartikelDisplay_PiecesPerDose,Core_Pieces_by_dose,
Stück pro Packung,Artikeldetail_verpackungseinheit,Core_Pieces_per_pack,
Stück pro Packung,EigenartikelDisplay_PiecesPerPack,Core_Pieces_per_pack,
Suchen,MedicationComposite_search,Core_DoSearch,
Suchen,Prefs_FS_Open,Core_DoSearch,
Suchen,SearchView_searchButtonCaption,Core_DoSearch,
Suchen,TerminDialog_find,Core_DoSearch,
Suchen,WeisseSeitenSearchForm_btn_Suchen,Core_DoSearch,
Summe,BestellBlatt_Sum,Core_Sum,
Summe,RnActions_sum,Core_Sum,
Sysmex,SysmexAction_ButtonName,SysmexName,
Sysmex,SysmexAction_DeviceName,SysmexName,
Sysmex,SysmexAction_ErrorTitle,SysmexName,
Sysmex,Sysmex_Value_LabKuerzel,SysmexName,
Säulendiagramm,CHART_WIZARD_BAR_CHART_BAR_CHART,Wizard_bar_chart,
Säulendiagramm,CHART_WIZARD_PAGE_TEXT_BAR_CHART,Wizard_bar_chart,
Tag auswählen,AgendaParallel_selectDay,Agenda_Select_Tag,
Tag auswählen,TagesView_selectDay,Agenda_Select_Tag,
Tag vorwärts,AgendaParallel_dayForward,Agenda_Next_Day,
Tag vorwärts,TagesView_nextDay,Agenda_Next_Day,
Tag zurück,AgendaParallel_dayBack,Agenda_Previous_Day,
Tag zurück,TagesView_previousDay,Agenda_Previous_Day,
Tagesgrenzen,ACLContributor_acl_daylimits,Agenda_DayLimits,
Tagesgrenzen,BaseAgendaView_dayLimits,Agenda_DayLimits,
Tagesgrenzen,BaseView_dayLimits,Agenda_DayLimits,
Tagesliste drucken,BaseAgendaView_printDayList,Agenda_Print_Daylist,
Tagesliste drucken,BaseView_printDayPaapintments,Agenda_Print_Daylist,
Teilverlust,InvoiceState_PARTIAL_LOSS,Invoice_Partial_Loss,
Teilverlust,RnControlFieldProvider_partlyLost,Invoice_Partial_Loss,
Teilw. bezahlt,InvoiceState_PARTIAL_PAYMENT,Invoice_Partially_paid,
Teilw. bezahlt,RnControlFieldProvider_partlyPaid,Invoice_Partially_paid,
Telefon,ErsterMandantDialog_phone,Core_Phone,
Telefon,PatientErfassenDialog_phone,Core_Phone,
Telefon,WeisseSeitenSearchView_header_Tel,Core_Phone,
Termin,SerienTerminDialog_grpTermin_text,Agenda_Appointmentdate,
Termin,TerminDialog_termin,Agenda_Appointmentdate,
Termin(e) bearbeiten bzw. neu einsetzen,AgendaUI_DayOverView_create_or_change,Agenda_Edit_or_Replace_Appointment,
Termin(e) bearbeiten bzw. neu einsetzen,TerminDialog_editTermins,Agenda_Edit_or_Replace_Appointment,
Termine aus einer iCal-Datei importieren,BaseAgendaView_importFromIcal,Agenda_Import_from_Ical,
Termine aus einer iCal-Datei importieren,BaseView_importFromICal,Agenda_Import_from_Ical,
Termine des gewählten Tages ausdrucken,BaseAgendaView_printListOfDay,Agenda_Print_ListOfDay,
Termine des gewählten Tages ausdrucken,BaseView_printAPpointmentsOfSelectedDay,Agenda_Print_ListOfDay,
Termine eines Bereichs exportieren,BaseAgendaView_exportAppointsments,Agenda_Export_Appointsments_of_mandator,
Termine eines Bereichs exportieren,BaseView_exportAppojntmentsOfMandator,Agenda_Export_Appointsments_of_mandator,
Termine importieren,BaseAgendaView_importAgenda,Agenda_Import_Appointments,
Termine importieren,BaseView_importAgenda,Agenda_Import_Appointments,
Termine importieren,ICalTransfer_importAppointments,Agenda_Import_Appointments,
Terminkarte,AppointmentCard_Name,Agenda_Appointmentcard,
Terminkarte,PreferenceConstants_appointmentCard,Agenda_Appointmentcard,
Terminstatus,AgendaDefinitionen_states,Agenda_Appointmentstate,
Terminstatus,TerminStatusDialog_terminState,Agenda_Appointmentstate,
"Termintyp, -status",AppointmentDetailComposite_date_type_or_status,Agenda_Appointment_type_and_state,
"Termintyp, -status",TerminDialog_typeandstate,Agenda_Appointment_type_and_state,
Test docbox Verbindung/Konfiguration,UserDocboxPreferences_ConnectionTest,DocBox_ConnectionTest,
Test docbox Verbindung/Konfiguration,UserDocboxPreferences_ConnectionTestWithDocbox,DocBox_ConnectionTest,
Text,AlleLeistungen_ActivityText,Core_Text,
Text,EditLabItem_labelTypText,Core_Text,
Text,EigendiagnoseSelector_Text_Label,Core_Text,
Text,FakturaJournal_Text,Core_Text,
Text,Labor2009Selector_text,Core_Text,
Text,LaborPrefs_42,Core_Text,
Text,LaborPrefs_alpha,Core_Text,
Text,PatientLabor_TextForComments,Core_Text,
Text,VerrechnungsStatistikView_TEXT,Core_Text,
Text,ZahlungsJournal_Text,Core_Text,
Textbefund,LaborResultsComposite_textResultTitle,Core_Textresult,
Textbefund,LaborView_textResultTitle,Core_Textresult,
Texterstellung nicht möglich,TextContainer_NoPluginCaption,Core_Unable_to_create_text,
Texterstellung nicht möglich,TextTemplateVeiw_NoTxtPluginTitel,Core_Unable_to_create_text,
Textfarbe,Preferences_ForegroundColor,Core_TextColour,
Textfarbe,Stickers_TextColor,Core_TextColour,
Therapievorschlag,CstProfileEditor_Therapievorschlag,CST_TherapyPropopsal,
Therapievorschlag,Cst_Text_Therapievorschlag,CST_TherapyPropopsal,
Totalverlust,InvoiceState_TOTAL_LOSS,Invoice_total_lost,
Totalverlust,RnControlFieldProvider_totallyLost,Invoice_total_lost,
Typ der Datenbank,DBConnectFirstPage_typeOfDB,Core_Database_Type,
Typ der Datenbank,DBImportFirstPage_typeOfDB,Core_Database_Type,
UVG,Fall_UVG_Name,Case_UVG_Short,
UVG,Presets_UVGAbkuerzung,Case_UVG_Short,
Uhr,Tageseinteilung_lblHours_1_text,Agenda_Label_Hours,
Uhr,Tageseinteilung_lblHours_text,Agenda_Label_Hours,
Umsatz,CONSULTATION_TIME_STATS_HEADING_INCOME,Core_Total_Revenue,
Umsatz,PATIENTS_PROFITS_HEADING_INCOME,Core_Total_Revenue,
Umsatz,SERVICES_HEADING_INCOME,Core_Total_Revenue,
Unfall,Fall_Accident,Core_Accident,
Unfall,Presets_Unfall,Core_Accident,
Unfallnummer,Presets_Unfallnummer,Core_Accidentnumber,
Unfallnummer,TarmedRequirements_AccidentNumberName,Core_Accidentnumber,
Ungueltiger Feldname,DataAccessor_InvalidFieldName,Core_Invalid_Fieldname,
Ungueltiger Feldname,DataAccessor_invalidFieldName,Core_Invalid_Fieldname,
Ungültiger Parameter,DataAccessor_InvalidParameter,Core_Invalid_Parameter,
Ungültiger Parameter,DataAccessor_invalidParameter,Core_Invalid_Parameter,
Upload Verzeichnis Auftrag,Lg1PreferencePage_labelUploadDir,Core_Upload_Directory,
Upload Verzeichnis Auftrag,MedicsPreferencePage_labelUploadDir,Core_Upload_Directory,
Username,DBConnectWizardPage_lblUsername_1_text,Core_Username,
Username,ErsterMandantDialog_Username,Core_Username,
VESR für rn ,ESRRecordDialog_vESRForBill,Invoice_VESR_for_RP,
VESR für rn ,ESRView_vesrfor,Invoice_VESR_for_RP,
Verbindung,DBConnectFirstPage_Connection,Core_Connection,
Verbindung,DBImportFirstPage_connection,Core_Connection,
Verbindung,Preferences_Verbindung,Core_Connection,
Verbindung zu einer Datenbank herstellen,DBConnectWizard_connectDB,Core_Create_Connection_to_database,
Verbindung zu einer Datenbank herstellen,DBImportWizard_connectDB,Core_Create_Connection_to_database,
Verbindung zu einer Datenbank herstellen,ch.elexis.core.ui:command.description.0,Core_Create_Connection_to_database,
Verbindungsdaten,DBConnectFirstPage_connectioNDetails,Core_Database_Connectiondetails,
Verbindungsdaten,DBConnectWizardPage_grpCurrentConnection_text,Core_Database_Connectiondetails,
Verbindungsdaten,DBImportFirstPage_Connection,Core_Database_Connectiondetails,
Verrechnet,ESRView2_accountedDate,Invoice_billed,
Verrechnet,InvoiceState_BILLED,Invoice_billed,
Verrechnet,PatHeuteView_billedTotal,Invoice_billed,
Verrechnung,PatHeuteView_amountBilled,Invoice_amount_billed,
Verrechnung,VerrechnungsDisplay_billing,Invoice_amount_billed,
Versicherungsnummer,FallDetailBlatt2_InsuranceNumber,Core_Insurance_Number,
Versicherungsnummer,Presets_InsuranceNumber,Core_Insurance_Number,
Versicherungsnummer,TarmedRequirements_InsuranceNumberName,Core_Insurance_Number,
Vertikal,GeneralPreferences_OrientationPortrait,Core_Vertical,
Vertikal,TemplatePreferences_TextOrientation_Vertical,Core_Vertical,
Von,AppointmentDetailComposite_starting_from,Core_Since,
Von,EditAUFDialog_from,Core_Since,
Von,ICalTransfer_from,Core_Since,
Von,MediVerlaufView_dateFrom,Core_Since,
Von,SelectDateDialog_from,Core_Since,
Vorlage öffnen,DocumentSelectDialog_openTemplate,Core_Open_Template,
Vorlage öffnen,TextView_openTemplate,Core_Open_Template,
Wert,AssignStickerDialog_StickerWert,Core_Value,
Wert,EditLabResultDialog_labelValue,Core_Value,
Wert,KontaktExtDialog_value,Core_Value,
Wert,LabNotSeenView_value,Core_Value,
Wert,LaborOrdersComposite_columnValue,Core_Value,
Wert,PatListFilterBox_VValue,Core_Value,
Wert ist zu hoch,Afinion_Value_High,Core_Value_too_high,
Wert ist zu hoch,Reflotron_Value_High,Core_Value_too_high,
Wert ist zu hoch,Sysmex_Value_High,Core_Value_too_high,
Wert ist zu tief,Afinion_Value_Low,Core_Value_too_low,
Wert ist zu tief,Reflotron_Value_Low,Core_Value_too_low,
Wert ist zu tief,Sysmex_Value_Low,Core_Value_too_low,
Wird nicht erledigt,EditReminderDialog_wontFix,Core_Wontfix,
Wird nicht erledigt,ProcessStatus_ON_HOLD,Core_Wontfix,
Wirklich löschen?,DocumentView_reallyDeleteCaption,Core_Really_delete_caption,
Wirklich löschen?,OmnivoreView_reallyDeleteCaption,Core_Really_delete_caption,
Wirklich löschen?,PatientMenuPopulator_DeletePatientConfirm,Core_Really_delete_caption,
Wollen Sie wirklich {0} löschen?,ArtikelContextMenu_deleteConfirmBody,Core_Want_to_delete_0,
Wollen Sie wirklich {0} löschen?,EigenleistungContextMenu_deleteConfirmBody,Core_Want_to_delete_0,
XID Domain,ContactLinkPreferences_XIDDomain,Core_XID_Domain,
XID Domain,ContactLinkRecordEditDialog_labelXIDDomain,Core_XID_Domain,
Z Automatisch_,HL7Parser_AutomaticAddedGroup,Core_HL7_Z_automatic,
Z Automatisch_,Importer_automatisch,Core_HL7_Z_automatic,
Zahl ändern,BestellView_ChangeNumber,Core_Change_Number,
Zahl ändern,VerrechnungsDisplay_changeNumber,Core_Change_Number,
Zeit,EditLabResultDialog_labelTime,Core_Time,
Zeit,VerrechnungsDisplay_Time,Core_Time,
Zeitraum wählen,SelectDateDialog_choosePeriodMessage,Core_Choose_Period,
Zeitraum wählen,SelectDateDialog_choosePeriodTitle,Core_Choose_Period,
Zeitvorgaben,Zeitvorgaben_timePrefs,Core_Time_Preferences,
Zeitvorgaben,ch.elexis.agenda:Zeitvorgaben,Core_Time_Preferences,
Zoom,AgendaParallel_zoom,Core_Zoom,
Zoom,AgendaWeek_zoom,Core_Zoom,
Zu einem abgeschlossenen Fall kann keine neue Konsultation erstellt werden,Fall_CaseClosedText,Core_Cannot_add_consultation_to_closed_case,
Zu einem abgeschlossenen Fall kann keine neue Konsultation erstellt werden,GlobalActions_caseclosedexplanation,Core_Cannot_add_consultation_to_closed_case,
Zu viele Instanzen,Hub_toomanyinstances,Core_Too_Many_Instances,
Zu viele Instanzen,Warning_tooManyTitle,Core_Too_Many_Instances,
Zugriff,ACL_ACCESS,Core_ACL_Access,
Zugriff,AccessControlDefaults_Access,Core_ACL_Access,
Zukünftige Termine des ausgewählten Patienten drucken,BaseAgendaView_printFutureAppsOfSelectedPatient,Agenda_Print_Future_Appointement_of_Patient,
Zukünftige Termine des ausgewählten Patienten drucken,BaseView_printFutureAppointmentsOfSelectedPatient,Agenda_Print_Future_Appointement_of_Patient,
Zusatz,KontaktBlatt_Addidtional,Core_Additional,
Zusatz,KontaktDetailDialog_labelZusatz,Core_Additional,
Zusatz,KontaktErfassenDialog_zusatz,Core_Additional,
Zuviel bezahlt,InvoiceState_EXCESSIVE_PAYMENT,Invoice_Excessive_Payment,
Zuviel bezahlt,RnControlFieldProvider_overpaid,Invoice_Excessive_Payment,
\ could not be printed,KGDrucker_emr,Core_Backslash_could_not_be_printed,
\ could not be printed,TemplateDrucker_couldntPrint,Core_Backslash_could_not_be_printed,
\n,ResponseAnalyzer_56,Core_NewLine,
\n,ResponseAnalyzer_59,Core_NewLine,
\n,ResponseAnalyzer_66,Core_NewLine,
\n,ResponseAnalyzer_69,Core_NewLine,
\n,ResponseAnalyzer_70,Core_NewLine,
\n,ResponseAnalyzer_73,Core_NewLine,
\n,ResponseAnalyzer_74,Core_NewLine,
abends,ArticleDefaultSignatureComposite_evening,Core_Evening,
abends,Medication_Dose_Evening,Core_Evening,
andere,AddressType_OTHER,Core_others,
andere,TICode_other,Core_others,
bearbeiten,AccessControlDefaults_edit,Core_Edit,
bearbeiten,AccessControlDefaults_modify2,Core_Edit,
bearbeiten,AccessControlDefaults_modify3,Core_Edit,
bis,Cst_Text_bis,Core_Until,
bis,ExportDialog_lblPatTo,Core_Until,
bis,KonsZumVerrechnenWizardDialog_timespanTill,Core_Until,
bis,RnFilterDialog_untilDate,Core_Until,
blue,LabeledInputField_blue,Core_Blue,
blue,SWTHelper_blue,Core_Blue,
days start at,Tageseinteilung_btnDaysStartAt_text,Agenda_Days_start_at,
days start at,Tageseinteilung_lblDaysStartAt_text,Agenda_Days_start_at,
dd.MM.yyyy,PatientDocumentManager_LabResultTitleSamplingFormat,Core_LabResult_Date_Format,
dd.MM.yyyy,PatientDocumentManager_LabResultTitleTransactionFormat,Core_LabResult_Date_Format,
den Zugriff auf die Datenbank an,DBConnectSecondPage_username2,Core_DB_access_part,
den Zugriff auf die Datenbank an,DBImportSecondPage_enterPassword,Core_DB_access_part,
docbox Arzt Arzt Kommunikation,DocboxArztArztAction_NoDoctorSelectedText,DoxBox_doctor2doctor_Communication,
docbox Arzt Arzt Kommunikation,DocboxArztArztAction_NoPatientSelectedText,DoxBox_doctor2doctor_Communication,
docbox Arzt Arzt Kommunikation,DocboxArztArztDialog_Title,DoxBox_doctor2doctor_Communication,
docbox Terminvereinbarung,DocboxTerminvereinbarungAction_NoDoctorSelectedText,DocBox_AppointmentAction,
docbox Terminvereinbarung,DocboxTerminvereinbarungAction_NoPatientSelectedText,DocBox_AppointmentAction,
entfernen,LabGroupPrefs_remove,Core_remove,
entfernen,PatListFilterBox_removeAction,Core_remove,
erweitern,AppointmentDetailComposite_expand,Core_expand,
erweitern,AppointmentDetailComposite_expand_hover,Core_expand,
frei,Appointment_Range_Free,Core_free,
frei,FallDetailBlatt2_free,Core_free,
frei,Termin_range_free,Core_free,
geplant,Appointment_Planned_Appointment,Agenda_Planned_Appointement,
geplant,EditReminderDialog_scheduled,Agenda_Planned_Appointement,
geplant,Termin_plannedAppointment,Agenda_Planned_Appointement,
gesperrt,Appointment_Range_Locked,Agenda_Appointement_Locked,
gesperrt,TerminDialog_locked,Agenda_Appointement_Locked,
gesperrt,Termin_range_locked,Agenda_Appointement_Locked,
heute,BaseView_today,Core_today,
heute,TimeTool_today,Core_today,
"installiert sind, deswegen kann diese Rubrik auch leer sein.",CDSSGroup_ExplanationCDSSLine3,Core_Services_Explanation_Line_3,
"installiert sind, deswegen kann diese Rubrik auch leer sein.",Services_ExplanationLine3,Core_Services_Explanation_Line_3,
löschen,ArtikelContextMenu_deleteActionToolTip,Core_Delete,
löschen,EigenleistungContextMenu_deleteActionToolTip,Core_Delete,
löschen,WebLinkEditor_2,Core_Delete,
morgens,ArticleDefaultSignatureComposite_morning,Medication_Dose_Morning,
morgens,Medication_Dose_Morning,Medication_Dose_Morning,
nachts,ArticleDefaultSignatureComposite_night,Medication_Dose_Night,
nachts,Medication_Dose_Night,Medication_Dose_Night,
normal,Appointment_Normal_Appointment,Agenda_Appointement_Normal,
normal,Termin_normalAppointment,Agenda_Appointement_Normal,
privat,BillingLaw_privat,Case_Privat_Short,
privat,Fall_Private_Name,Case_Privat_Short,
std,TerminDialog_32,Agenda_Appointement_Standard,
std,TerminDialog_40,Agenda_Appointement_Standard,
undefiniert,Preferences_undefiniert,Core_undefined,
undefiniert,RelationshipType_A_GENERIC,Core_undefined,
von (Anzahl Lebensmitteln),ProImmunComposite_anzahl_lebensmittel,ProImmunComposite_anzahl_lebensmittel,
von (Anzahl Lebensmitteln),ProImmunComposite_von_anzahl_lebensmitteln,ProImmunComposite_anzahl_lebensmittel,
{0} - {1},Omnivore_category_doclabel,Core_0_til_1_label,
{0} - {1},Omnivore_category_formlabel,Core_0_til_1_label,
{0} - {1},PatientDocumentManager_FormTitle,Core_0_til_1_label,
Ändern,InvoiceOutputter_ChangeDir,Core_DoChange,
Ändern,TerminDialog_change,Core_DoChange,
Ändern,XMLExporter_Change,Core_DoChange,
Ändern...,AUF2_edit,Core_DoChange_ellipsis,
Ändern...,AgendaImages_change,Core_DoChange_ellipsis,
Ändern...,BlockDetailDisplay_changeAction,Core_DoChange_ellipsis,
Ändern...,FixMediDisplay_Change,Core_DoChange_ellipsis,
Ändern...,RezepteView_ChangeLink,Core_DoChange_ellipsis,
Überfällig,EditReminderDialog_overDue,Invoice_overDue,
Überfällig,EditReminderDialog_overdue,Invoice_overDue,
Überfällig,ProcessStatus_OVERDUE,Invoice_overDue,
Überfällig,ReminderDetailDialog_btnOverdue_text,Invoice_overDue,
ändern,AccessControlDefaults_change,Core_doChange,
ändern,AccessControlDefaults_edit2,Core_doChange,
ändern,AccessControlDefaults_modify,Core_doChange,
ändern,Leistungscodes_changeTextInTitleBar,Core_doChange,
